sep=,
"Input","Match type","Approved symbol","Approved name","HGNC ID","Location"
"C19orf53","Approved symbol","C19orf53","chromosome 19 open reading frame 53","HGNC:24991","19p13.13"
"C19orf25","Approved symbol","C19orf25","chromosome 19 open reading frame 25","HGNC:26711","19p13.3"
"C8orf33","Approved symbol","C8orf33","chromosome 8 open reading frame 33","HGNC:26104","8q24.3"
"C12orf57","Approved symbol","C12orf57","chromosome 12 open reading frame 57","HGNC:29521","12p13.31"
"C7orf50","Approved symbol","C7orf50","chromosome 7 open reading frame 50","HGNC:22421","7p22.3"
"C4orf33","Approved symbol","C4orf33","chromosome 4 open reading frame 33","HGNC:27025","4q28.2"
"C8orf58","Approved symbol","C8orf58","chromosome 8 open reading frame 58","HGNC:32233","8p21.3"
"C1orf216","Approved symbol","C1orf216","chromosome 1 open reading frame 216","HGNC:26800","1p34.3"
"C17orf107","Approved symbol","C17orf107","chromosome 17 open reading frame 107","HGNC:37238","17p13.2"
"C15orf39","Approved symbol","C15orf39","chromosome 15 open reading frame 39","HGNC:24497","15q24.2"
"C1orf21","Approved symbol","C1orf21","chromosome 1 open reading frame 21","HGNC:15494","1q25.3"
"C5orf24","Approved symbol","C5orf24","chromosome 5 open reading frame 24","HGNC:26746","5q31.1"
"C12orf43","Approved symbol","C12orf43","chromosome 12 open reading frame 43","HGNC:25719","12q24.31"
"C1orf198","Approved symbol","C1orf198","chromosome 1 open reading frame 198","HGNC:25900","1q42.2"
"C5orf22","Approved symbol","C5orf22","chromosome 5 open reading frame 22","HGNC:25639","5p13.3"
"C12orf4","Approved symbol","C12orf4","chromosome 12 open reading frame 4","HGNC:1184","12p13.32"
"C3orf70","Approved symbol","C3orf70","chromosome 3 open reading frame 70","HGNC:33731","3q27.2"
"C4orf46","Approved symbol","C4orf46","chromosome 4 open reading frame 46","HGNC:27320","4q32.1"
"C17orf49","Approved symbol","C17orf49","chromosome 17 open reading frame 49","HGNC:28737","17p13.1"
"C9orf85","Approved symbol","C9orf85","chromosome 9 open reading frame 85","HGNC:28784","9q21.13"
"C4orf36","Approved symbol","C4orf36","chromosome 4 open reading frame 36","HGNC:28386","4q21.3"
"C12orf29","Previous symbol","RLIG1","RNA 5'-phosphate and 3'-OH ligase 1","HGNC:25322","12q21.32"
"C9orf78","Approved symbol","C9orf78","chromosome 9 open reading frame 78","HGNC:24932","9q34.11"
"C3orf62","Approved symbol","C3orf62","chromosome 3 open reading frame 62","HGNC:24771","3p21.31"
"C17orf58","Approved symbol","C17orf58","chromosome 17 open reading frame 58","HGNC:27568","17q24.2"
"C6orf120","Approved symbol","C6orf120","chromosome 6 open reading frame 120","HGNC:21247","6q27"
"C1orf174","Approved symbol","C1orf174","chromosome 1 open reading frame 174","HGNC:27915","1p36.32"
"C7orf57","Approved symbol","C7orf57","chromosome 7 open reading frame 57","HGNC:22247","7p12.3"
"C1orf159","Approved symbol","C1orf159","chromosome 1 open reading frame 159","HGNC:26062","1p36.33"
"C20orf96","Approved symbol","C20orf96","chromosome 20 open reading frame 96","HGNC:16227","20p13"
"C17orf75","Approved symbol","C17orf75","chromosome 17 open reading frame 75","HGNC:30173","17q11.2"
"C17orf80","Approved symbol","C17orf80","chromosome 17 open reading frame 80","HGNC:29601","17q25.1"
"C12orf56","Approved symbol","C12orf56","chromosome 12 open reading frame 56","HGNC:26967","12q14.2"
"C15orf40","Approved symbol","C15orf40","chromosome 15 open reading frame 40","HGNC:28443","15q25.2"
"C12orf60","Approved symbol","C12orf60","chromosome 12 open reading frame 60","HGNC:28726","12p12.3"
"CXorf38","Approved symbol","CXorf38","chromosome X open reading frame 38","HGNC:28589","Xp11.4"
"MORF4L2","Approved symbol","MORF4L2","mortality factor 4 like 2","HGNC:16849","Xq22.2"
"C5orf38","Previous symbol","IRX2-DT","IRX2 divergent transcript","HGNC:24226","5p15.33"
"C16orf46","Approved symbol","C16orf46","chromosome 16 open reading frame 46","HGNC:26525","16q23.2"
"C1orf56","Approved symbol","C1orf56","chromosome 1 open reading frame 56","HGNC:26045","1q21.3"
"C14orf119","Approved symbol","C14orf119","chromosome 14 open reading frame 119","HGNC:20270","14q11.2"
"C1orf54","Approved symbol","C1orf54","chromosome 1 open reading frame 54","HGNC:26258","1q21.2"
"C1orf53","Approved symbol","C1orf53","chromosome 1 open reading frame 53","HGNC:30003","1q31.3"
"C9orf116","Previous symbol","PIERCE1","piercer of microtubule wall 1","HGNC:28435","9q34.3"
"C1orf74","Approved symbol","C1orf74","chromosome 1 open reading frame 74","HGNC:26319","1q32.2"
"C1orf52","Approved symbol","C1orf52","chromosome 1 open reading frame 52","HGNC:24871","1p22.3"
"C1orf50","Approved symbol","C1orf50","chromosome 1 open reading frame 50","HGNC:28795","1p34.2"
"C1orf43","Approved symbol","C1orf43","chromosome 1 open reading frame 43","HGNC:29876","1q21.3"
"C1orf35","Approved symbol","C1orf35","chromosome 1 open reading frame 35","HGNC:19032","1q42.13"
"C4orf19","Approved symbol","C4orf19","chromosome 4 open reading frame 19","HGNC:25618","4p14"
"C6orf132","Approved symbol","C6orf132","chromosome 6 open reading frame 132","HGNC:21288","6p21.1"
"C16orf72","Previous symbol","HAPSTR1","HUWE1 associated protein modifying stress responses","HGNC:30103","16p13.2"
"C15orf48","Approved symbol","C15orf48","chromosome 15 open reading frame 48","HGNC:29898","15q21.1"
"C16orf74","Approved symbol","C16orf74","chromosome 16 open reading frame 74","HGNC:23362","16q24.1"
"C5orf51","Previous symbol","RIMOC1","RAB7A interacting MON1-CCZ1 complex subunit 1","HGNC:27750","5p13.1"
"C8orf76","Approved symbol","C8orf76","chromosome 8 open reading frame 76","HGNC:25924","8q24.13"
"C20orf27","Previous symbol","ADISSP","adipose secreted signaling protein","HGNC:15873","20p13"
"C16orf86","Approved symbol","C16orf86","chromosome 16 open reading frame 86","HGNC:33755","16q22.1"
"C12orf75","Approved symbol","C12orf75","chromosome 12 open reading frame 75","HGNC:35164","12q23.3"
"C12orf73","Previous symbol","UQCC6","ubiquinol-cytochrome c reductase complex assembly factor 6","HGNC:34450","12q23.3"
"C16orf87","Approved symbol","C16orf87","chromosome 16 open reading frame 87","HGNC:33754","16q11.2"
"C8orf82","Approved symbol","C8orf82","chromosome 8 open reading frame 82","HGNC:33826","8q24.3"
"C4orf3","Approved symbol","C4orf3","chromosome 4 open reading frame 3","HGNC:19225","4q26"
"C16orf91","Previous symbol","UQCC4","ubiquinol-cytochrome c reductase complex assembly factor 4","HGNC:27558","16p13.3"
"C15orf61","Approved symbol","C15orf61","chromosome 15 open reading frame 61","HGNC:34453","15q23"
"C5orf15","Approved symbol","C5orf15","chromosome 5 open reading frame 15","HGNC:20656","5q31.1"
"C3orf52","Approved symbol","C3orf52","chromosome 3 open reading frame 52","HGNC:26255","3q13.2"
"C6orf47","Approved symbol","C6orf47","chromosome 6 open reading frame 47","HGNC:19076","6p21.33"
"C3orf14","Previous symbol","CEP15","centrosomal protein 15","HGNC:25024","3p14.2"
"C6orf136","Approved symbol","C6orf136","chromosome 6 open reading frame 136","HGNC:21301","6p21.33"
"C1orf109","Previous symbol","AIRIM","AFG2 interacting ribosome maturation factor","HGNC:26039","1p34.3"
"C19orf12","Approved symbol","C19orf12","chromosome 19 open reading frame 12","HGNC:25443","19q12"
"C6orf89","Approved symbol","C6orf89","chromosome 6 open reading frame 89","HGNC:21114","6p21.2"
"C22orf39","Approved symbol","C22orf39","chromosome 22 open reading frame 39","HGNC:27012","22q11.21"
"C2orf88","Approved symbol","C2orf88","chromosome 2 open reading frame 88","HGNC:28191","2q32.2"
"C9orf40","Approved symbol","C9orf40","chromosome 9 open reading frame 40","HGNC:23433","9q21.13"
"C6orf62","Approved symbol","C6orf62","chromosome 6 open reading frame 62","HGNC:20998","6p22.3"
"C10orf55","Approved symbol","C10orf55","chromosome 10 putative open reading frame 55","HGNC:31008","10q22.2"
"C22orf46","Previous symbol","C22orf46P","chromosome 22 open reading frame 46, pseudogene","HGNC:26294","22q13.2"
"C2orf15","Approved symbol","C2orf15","chromosome 2 open reading frame 15","HGNC:28436","2q11.2"
"C2orf16","Approved symbol","C2orf16","chromosome 2 open reading frame 16","HGNC:25275","2p23.3"
"C14orf93","Approved symbol","C14orf93","chromosome 14 open reading frame 93","HGNC:20162","14q11.2"
"C18orf54","Approved symbol","C18orf54","chromosome 18 open reading frame 54","HGNC:13796","18q21.2"
"C6orf226","Approved symbol","C6orf226","chromosome 6 open reading frame 226","HGNC:34431","6p21.1"
"C19orf44","Approved symbol","C19orf44","chromosome 19 open reading frame 44","HGNC:26141","19p13.11"
"C2orf76","Approved symbol","C2orf76","chromosome 2 open reading frame 76","HGNC:27017","2q14.2"
"C9orf64","Previous symbol","QNG1","Q-nucleotide N-glycosylase 1","HGNC:28144","9q21.32"
"C2orf72","Approved symbol","C2orf72","chromosome 2 open reading frame 72","HGNC:27418","2q37.1"
"C6orf223","Previous symbol","LINC03040","long intergenic non-protein coding RNA 3040","HGNC:28692","6p21.1"
"C19orf47","Approved symbol","C19orf47","chromosome 19 open reading frame 47","HGNC:26723","19q13.2"
"C2orf42","Approved symbol","C2orf42","chromosome 2 open reading frame 42","HGNC:26056","2p13.3"
"C2orf69","Approved symbol","C2orf69","chromosome 2 open reading frame 69","HGNC:26799","2q33.1"
"C2orf68","Approved symbol","C2orf68","chromosome 2 open reading frame 68","HGNC:34353","2p11.2"
"C4orf48","Approved symbol","C4orf48","chromosome 4 open reading frame 48","HGNC:34437","4p16.3"
"C2orf49","Approved symbol","C2orf49","chromosome 2 open reading frame 49","HGNC:28772","2q12.2"
"C19orf54","Previous symbol","ACTMAP","actin maturation protease","HGNC:24758","19q13.2"
"C10orf88","Approved symbol","C10orf88","chromosome 10 open reading frame 88","HGNC:25822","10q26.13"
"C1orf112","Previous symbol","FIRRM","FIGNL1 interacting regulator of recombination and mitosis","HGNC:25565","1q24.2"
"C7orf25","Approved symbol","C7orf25","chromosome 7 open reading frame 25","HGNC:21703","7p14.1"
"C7orf31","Approved symbol","C7orf31","chromosome 7 open reading frame 31","HGNC:21722","7p15.3"
"C9orf72","Approved symbol","C9orf72","C9orf72-SMCR8 complex subunit","HGNC:28337","9p21.2"
"C11orf80","Approved symbol","C11orf80","chromosome 11 open reading frame 80","HGNC:26197","11q13.2"
"C6orf141","Approved symbol","C6orf141","chromosome 6 open reading frame 141","HGNC:21351","6p12.3"
"C11orf71","Approved symbol","C11orf71","chromosome 11 open reading frame 71","HGNC:25937","11q23.2"
"C1orf131","Approved symbol","C1orf131","chromosome 1 open reading frame 131","HGNC:25332","1q42.2"
"C11orf68","Approved symbol","C11orf68","chromosome 11 open reading frame 68","HGNC:28801","11q13.1"
"C3orf38","Approved symbol","C3orf38","chromosome 3 open reading frame 38","HGNC:28384","3p11.1"
"C17orf97","Previous symbol","LIAT1","ligand of ATE1","HGNC:33800","17p13.3"
"C21orf58","Approved symbol","C21orf58","chromosome 21 open reading frame 58","HGNC:1300","21q22.3"
"C14orf28","Approved symbol","C14orf28","chromosome 14 open reading frame 28","HGNC:19834","14q21.2"
"C11orf58","Approved symbol","C11orf58","chromosome 11 open reading frame 58","HGNC:16990","11p15.2"
"C11orf54","Approved symbol","C11orf54","chromosome 11 open reading frame 54","HGNC:30204","11q21"
"C11orf1","Previous symbol","CFAP68","cilia and flagella associated protein 68","HGNC:1163","11q23.1"
"C11orf49","Previous symbol","CSTPP1","centriolar satellite-associated tubulin polyglutamylase complex regulator 1","HGNC:28720","11p11.2"
"C3orf33","Approved symbol","C3orf33","chromosome 3 open reading frame 33","HGNC:26434","3q25.31"
"C18orf25","Previous symbol","ARK2N","arkadia (RNF111) N-terminal like PKA signaling regulator 2N","HGNC:28172","18q21.1"
"C21orf91","Approved symbol","C21orf91","chromosome 21 open reading frame 91","HGNC:16459","21q21.1"
"C3orf18","Approved symbol","C3orf18","chromosome 3 open reading frame 18","HGNC:24837","3p21.31"
"C7orf26","Previous symbol","INTS15","integrator complex subunit 15","HGNC:21702","7p22.1"
"C18orf32","Approved symbol","C18orf32","chromosome 18 open reading frame 32","HGNC:31690","18q21.1"
"C22orf23","Approved symbol","C22orf23","chromosome 22 open reading frame 23","HGNC:18589","22q13.1"
"C11orf24","Approved symbol","C11orf24","chromosome 11 open reading frame 24","HGNC:1174","11q13.2"
"C1orf115","Approved symbol","C1orf115","chromosome 1 open reading frame 115","HGNC:25873","1q41"
"C5orf34","Approved symbol","C5orf34","chromosome 5 open reading frame 34","HGNC:24738","5p12"
"C18orf21","Approved symbol","C18orf21","chromosome 18 open reading frame 21","HGNC:28802","18q12.2"
"C1orf122","Approved symbol","C1orf122","chromosome 1 open reading frame 122","HGNC:24789","1p34.3"
"C1orf94","Approved symbol","C1orf94","chromosome 1 open reading frame 94","HGNC:28250","1p35.1"
"C9orf24","Approved symbol","C9orf24","chromosome 9 open reading frame 24","HGNC:19919","9p13.3"
"C5orf30","Previous symbol","MACIR","macrophage immunometabolism regulator","HGNC:25052","5q21.1"
"C9orf3","Previous symbol","AOPEP","aminopeptidase O (putative)","HGNC:1361","9q22.32"
"C15orf41","Previous symbol","CDIN1","CDAN1 interacting nuclease 1","HGNC:26929","15q14"
"C9orf16","Previous symbol","BBLN","bublin coiled coil protein","HGNC:17823","9q34.11"
"C1orf87","Approved symbol","C1orf87","chromosome 1 open reading frame 87","HGNC:28547","1p32.1"
"C4orf47","Approved symbol","C4orf47","chromosome 4 open reading frame 47","HGNC:34346","4q35.1"
"C9orf43","Approved symbol","C9orf43","chromosome 9 open reading frame 43","HGNC:23570","9q32"
"C17orf64","Previous symbol","CHCT1","CHD1 helical C-terminal domain containing 1","HGNC:26990","17q23.2"
"C1orf61","Previous symbol","MIR9-1HG","MIR9-1 host gene","HGNC:30780","1q22"
"C16orf45","Previous symbol","BMERB1","bMERB domain containing 1","HGNC:19213","16p13.11"
"C6orf201","Previous symbol","TEX56P","testis expressed 56, pseudogene","HGNC:21620","6p25.2"
"C19orf48","Previous symbol","C19orf48P","chromosome 19 open reading frame 48, pseudogene","HGNC:29667","19q13.33"
"C19orf66","Previous symbol","SHFL","shiftless antiviral inhibitor of ribosomal frameshifting","HGNC:25649","19p13.2"
"C19orf73","Approved symbol","C19orf73","chromosome 19 open reading frame 73","HGNC:25534","19q13.33"
"C6orf48","Previous symbol","SNHG32","small nucleolar RNA host gene 32","HGNC:19078","6p21.33"
"C6orf52","Approved symbol","C6orf52","chromosome 6 open reading frame 52","HGNC:20881","6p24.2"
"C19orf24","Previous symbol","FAM174C","family with sequence similarity 174 member C","HGNC:26073","19p13.3"
"C17orf99","Approved symbol","C17orf99","chromosome 17 open reading frame 99","HGNC:34490","17q25.3"
"C17orf98","Approved symbol","C17orf98","chromosome 17 open reading frame 98","HGNC:34492","17q12"
"C7orf43","Previous symbol","TRAPPC14","trafficking protein particle complex subunit 14","HGNC:25604","7q22.1"
"C1orf146","Approved symbol","C1orf146","chromosome 1 open reading frame 146","HGNC:24032","1p22.1"
"C1orf194","Previous symbol","CFAP276","cilia and flagella associated protein 276","HGNC:32331","1p13.3"
"C17orf53","Previous symbol","HROB","homologous recombination factor with OB-fold","HGNC:28460","17q21.31"
"C17orf51","Previous symbol","LINC02693","long intergenic non-protein coding RNA 2693","HGNC:27904","17p11.2"
"C9orf47","Previous symbol","S1PR3","sphingosine-1-phosphate receptor 3","HGNC:3167","9q22.1"
"C8orf37","Previous symbol","CFAP418","cilia and flagella associated protein 418","HGNC:27232","8q22.1"
"C6orf106","Previous symbol","ILRUN","inflammation and lipid regulator with UBA-like and NBR1-like domains","HGNC:21215","6p21.31"
"C8orf59","Previous symbol","RBIS","ribosomal biogenesis factor","HGNC:32235","8q21.2"
"C17orf100","Approved symbol","C17orf100","chromosome 17 open reading frame 100","HGNC:34494","17p13.1"
"C5orf56","Previous symbol","IRF1-AS1","IRF1 antisense RNA 1","HGNC:33838","5q31.1"
"C16orf92","Approved symbol","C16orf92","chromosome 16 open reading frame 92","HGNC:26346","16p11.2"
"C16orf90","Approved symbol","C16orf90","chromosome 16 open reading frame 90","HGNC:34455","16p13.3"
"C5orf52","Approved symbol","C5orf52","chromosome 5 open reading frame 52","HGNC:35121","5q33.3"
"C5orf49","Previous symbol","CFAP90","cilia and flagella associated protein 90","HGNC:27028","5p15.31"
"C5orf47","Approved symbol","C5orf47","chromosome 5 open reading frame 47","HGNC:27026","5q35.2"
"C16orf70","Previous symbol","PHAF1","phagosome assembly factor 1","HGNC:29564","16q22.1"
"C16orf58","Previous symbol","RUSF1","RUS family member 1","HGNC:25848","16p11.2"
"C17orf50","Approved symbol","C17orf50","chromosome 17 open reading frame 50","HGNC:29581","17q12"
"C9orf50","Approved symbol","C9orf50","chromosome 9 open reading frame 50","HGNC:23677","9q34.11"
"C19orf57","Previous symbol","BRME1","break repair meiotic recombinase recruitment factor 1","HGNC:28153","19p13.12"
"C10orf99","Previous symbol","GPR15LG","G protein-coupled receptor 15 ligand","HGNC:31428","10q23.1"
"C12orf49","Previous symbol","SPRING1","SREBF pathway regulator in golgi 1","HGNC:26128","12q24.22"
"C19orf38","Approved symbol","C19orf38","chromosome 19 open reading frame 38","HGNC:34073","19p13.2"
"C12orf65","Previous symbol","MTRFR","mitochondrial translation release factor in rescue","HGNC:26784","12q24.31"
"C12orf66","Previous symbol","KICS2","KICSTOR subunit 2","HGNC:26517","12q14.2"
"C6orf15","Approved symbol","C6orf15","chromosome 6 open reading frame 15","HGNC:13927","6p21.33"
"C6orf163","Approved symbol","C6orf163","chromosome 6 open reading frame 163","HGNC:21403","6q15"
"C9orf152","Approved symbol","C9orf152","chromosome 9 open reading frame 152","HGNC:31455","9q31.3"
"C15orf62","Approved symbol","C15orf62","chromosome 15 open reading frame 62","HGNC:34489","15q15.1"
"C12orf45","Previous symbol","NOPCHAP1","NOP protein chaperone 1","HGNC:28628","12q23.3"
"C16orf54","Approved symbol","C16orf54","chromosome 16 open reading frame 54","HGNC:26649","16p11.2"
"C19orf71","Previous symbol","TEKTIP1","tektin bundle interacting protein 1","HGNC:34496","19p13.3"
"C1orf116","Approved symbol","C1orf116","chromosome 1 open reading frame 116","HGNC:28667","1q32.1"
"C3orf80","Approved symbol","C3orf80","chromosome 3 open reading frame 80","HGNC:40048","3q25.33"
"C5orf46","Approved symbol","C5orf46","chromosome 5 open reading frame 46","HGNC:33768","5q32"
"C1orf127","Approved symbol","C1orf127","chromosome 1 open reading frame 127","HGNC:26730","1p36.22"
"C12orf76","Approved symbol","C12orf76","chromosome 12 open reading frame 76","HGNC:33790","12q24.11"
"C1orf226","Approved symbol","C1orf226","chromosome 1 open reading frame 226","HGNC:34351","1q23.3"
"C8orf88","Approved symbol","C8orf88","chromosome 8 open reading frame 88","HGNC:44672","8q21.3"
"C19orf33","Approved symbol","C19orf33","chromosome 19 open reading frame 33","HGNC:16668","19q13.2"
"C11orf87","Approved symbol","C11orf87","chromosome 11 open reading frame 87","HGNC:33788","11q22.3"
"C2orf70","Previous symbol","FAM166C","family with sequence similarity 166 member C","HGNC:27938","2p23.3"
"C2orf73","Approved symbol","C2orf73","chromosome 2 open reading frame 73","HGNC:26861","2p16.2"
"C2orf78","Approved symbol","C2orf78","chromosome 2 open reading frame 78","HGNC:34349","2p13.1"
"C10orf53","Approved symbol","C10orf53","chromosome 10 open reading frame 53","HGNC:27421","10q11.23"
"C10orf71","Approved symbol","C10orf71","chromosome 10 open reading frame 71","HGNC:26973","10q11.23"
"C10orf82","Approved symbol","C10orf82","chromosome 10 open reading frame 82","HGNC:28500","10q25.3"
"C3orf36","Approved symbol","C3orf36","chromosome 3 putative open reading frame 36","HGNC:26170","3q22.1"
"C11orf91","Approved symbol","C11orf91","chromosome 11 open reading frame 91","HGNC:34444","11p13"
"C12orf42","Approved symbol","C12orf42","chromosome 12 open reading frame 42","HGNC:24729","12q23.2"
"C11orf95","Previous symbol","ZFTA","zinc finger translocation associated","HGNC:28449","11q13.1"
"C12orf10","Previous symbol","MYG1","MYG1 exonuclease","HGNC:17590","12q13.13"
"C20orf85","Approved symbol","C20orf85","chromosome 20 open reading frame 85","HGNC:16216","20q13.32"
"C11orf98","Approved symbol","C11orf98","chromosome 11 open reading frame 98","HGNC:51238","11q12.3"
"C15orf65","Previous symbol","PIERCE2","piercer of microtubule wall 2","HGNC:44654","15q21.3"
"C3orf67","Previous symbol","CFAP20DC","CFAP20 domain containing","HGNC:24763","3p14.2"
"C1orf210","Approved symbol","C1orf210","chromosome 1 open reading frame 210","HGNC:28755","1p34.2"
"C11orf45","Previous symbol","KCNJ5-AS1","KCNJ5 antisense RNA 1","HGNC:28584","11q24.3"
"C16orf95","Approved symbol","C16orf95","chromosome 16 open reading frame 95","HGNC:40033","16q24.2"
"C6orf203","Previous symbol","MTRES1","mitochondrial transcription rescue factor 1","HGNC:17971","6q21"
"C5orf63","Approved symbol","C5orf63","chromosome 5 open reading frame 63","HGNC:40051","5q23.2"
"C20orf194","Previous symbol","DNAAF9","dynein axonemal assembly factor 9","HGNC:17721","20p13"
"C20orf144","Approved symbol","C20orf144","chromosome 20 open reading frame 144","HGNC:16137","20q11.22"
"C11orf21","Approved symbol","C11orf21","chromosome 11 open reading frame 21","HGNC:13231","11p15.5"
"C14orf180","Approved symbol","C14orf180","chromosome 14 open reading frame 180","HGNC:33795","14q32.33"
"C1orf162","Approved symbol","C1orf162","chromosome 1 open reading frame 162","HGNC:28344","1p13.2"
"C14orf39","Approved symbol","C14orf39","chromosome 14 open reading frame 39","HGNC:19849","14q23.1"
"C10orf90","Approved symbol","C10orf90","chromosome 10 open reading frame 90","HGNC:26563","10q26.2"
"C11orf53","Previous symbol","POU2AF2","POU class 2 homeobox associating factor 2","HGNC:30527","11q23.1"
"C12orf50","Approved symbol","C12orf50","chromosome 12 open reading frame 50","HGNC:26665","12q21.32"
"C14orf132","Approved symbol","C14orf132","chromosome 14 open reading frame 132","HGNC:20346","14q32.2"
"C8orf48","Approved symbol","C8orf48","chromosome 8 open reading frame 48","HGNC:26345","8p22"
"C5orf13","Previous symbol","NREP","neuronal regeneration related protein","HGNC:16834","5q22.1"
"C6orf145","Previous symbol","PXDC1","PX domain containing 1","HGNC:21361","6p25.2"
"C3orf1","Previous symbol","TIMMDC1","translocase of inner mitochondrial membrane domain containing 1","HGNC:1321","3q13.33"
"C3orf10","Previous symbol","BRK1","BRICK1 subunit of SCAR/WAVE actin nucleating complex","HGNC:23057","3p25.3"
"C4orf52","Previous symbol","SMIM20","small integral membrane protein 20","HGNC:37260","4p15.2"
"C3orf39","Previous symbol","POMGNT2","protein O-linked mannose N-acetylglucosaminyltransferase 2 (beta 1,4-)","HGNC:25902","3p22.1"
"C6orf155","Previous symbol","LINC00472","long intergenic non-protein coding RNA 472","HGNC:21380","6q13"
"C6orf154","Previous symbol","LRRC73","leucine rich repeat containing 73","HGNC:21375","6p21.1"
"C3orf15","Previous symbol","CFAP91","cilia and flagella associated protein 91","HGNC:24010","3q13.33"
"C3orf17","Previous symbol","NEPRO","nucleolus and neural progenitor protein","HGNC:24496","3q13.2"
"C3orf19","Previous symbol","CCDC174","coiled-coil domain containing 174","HGNC:28033","3p25.1"
"C3orf21","Previous symbol","XXYLT1","xyloside xylosyltransferase 1","HGNC:26639","3q29"
"C3orf23","Previous symbol","TCAIM","T cell activation inhibitor, mitochondrial","HGNC:25241","3p21.31"
"C3orf37","Previous symbol","HMCES","5-hydroxymethylcytosine binding, ES cell specific","HGNC:24446","3q21.3"
"C3orf24","Previous symbol","FANCD2OS","FANCD2 opposite strand","HGNC:28623","3p25.3"
"C3orf25","Previous symbol","EFCAB12","EF-hand calcium binding domain 12","HGNC:28061","3q21.3"
"C6orf165","Previous symbol","CFAP206","cilia and flagella associated protein 206","HGNC:21405","6q15"
"C3orf26","Previous symbol","CMSS1","cms1 ribosomal small subunit homolog","HGNC:28666","3q12.1"
"C6orf153","Previous symbol","RRP36","ribosomal RNA processing 36","HGNC:21374","6p21.1"
"C6orf146","Previous symbol","FAM217A","family with sequence similarity 217 member A","HGNC:21362","6p25.2"
"C6orf150","Previous symbol","CGAS","cyclic GMP-AMP synthase","HGNC:21367","6q13"
"C3orf31","Previous symbol","TAMM41","TAM41 mitochondrial translocator assembly and maintenance homolog","HGNC:25187","3p25.2"
"C6orf147","Previous symbol","KHDC1","KH domain containing 1","HGNC:21366","6q13"
"C3orf34","Previous symbol","CEP19","centrosomal protein 19","HGNC:28209","3q29"
"C6orf162","Previous symbol","SMIM8","small integral membrane protein 8","HGNC:21401","6q15"
"C4orf49","Previous symbol","MGARP","mitochondria localized glutamic acid rich protein","HGNC:29969","4q31.1"
"C2orf89","Previous symbol","TRABD2A","TraB domain containing 2A","HGNC:27013","2p11.2"
"C6orf182","Previous symbol","CEP57L1","centrosomal protein 57 like 1","HGNC:21561","6q21"
"C2orf63","Previous symbol","CLHC1","clathrin heavy chain linker domain containing 1","HGNC:26453","2p16.1"
"C2orf64","Previous symbol","COA5","cytochrome c oxidase assembly factor 5","HGNC:33848","2q11.2"
"C2orf65","Previous symbol","M1AP","meiosis 1 associated protein","HGNC:25183","2p13.1"
"C6orf195","Previous symbol","LINC01600","long intergenic non-protein coding RNA 1600","HGNC:21600","6p25.2"
"C6orf192","Previous symbol","SLC18B1","solute carrier family 18 member B1","HGNC:21573","6q23.2"
"C6orf186","Previous symbol","METTL24","methyltransferase like 24","HGNC:21566","6q21"
"C2orf67","Previous symbol","KANSL1L","KAT8 regulatory NSL complex subunit 1 like","HGNC:26310","2q34"
"C2orf7","Previous symbol","PRADC1","protease associated domain containing 1","HGNC:16047","2p13.2"
"C4orf43","Previous symbol","TMA16","translation machinery associated 16 homolog","HGNC:25638","4q32.2"
"C2orf77","Previous symbol","CFAP210","cilia and flagella associated protein 210","HGNC:25064","2q31.1"
"C4orf42","Previous symbol","CTBP1-DT","CTBP1 divergent transcript","HGNC:28307","4p16.3"
"C6orf176","Previous symbol","LINC00473","long intergenic non-protein coding RNA 473","HGNC:21160","6q27"
"C6orf167","Previous symbol","MMS22L","MMS22 like, DNA repair protein","HGNC:21475","6q16.1"
"C2orf79","Previous symbol","PTRHD1","peptidyl-tRNA hydrolase domain containing 1","HGNC:33782","2p23.3"
"C2orf81","Approved symbol","C2orf81","chromosome 2 open reading frame 81","HGNC:34350","2p13.1"
"C2orf84","Previous symbol","FAM228A","family with sequence similarity 228 member A","HGNC:34418","2p23.3"
"C4orf41","Previous symbol","TRAPPC11","trafficking protein particle complex subunit 11","HGNC:25751","4q35.1"
"C6orf174","Previous symbol","SOGA3","SOGA family member 3","HGNC:21494","6q22.33"
"C2orf85","Previous symbol","RTP5","receptor transporter protein 5 (putative)","HGNC:26585","2q37.3"
"C6orf173","Previous symbol","CENPW","centromere protein W","HGNC:21488","6q22.32"
"C6orf170","Previous symbol","TBC1D32","TBC1 domain family member 32","HGNC:21485","6q22.31"
"C2orf86","Previous symbol","WDPCP","WD repeat containing planar cell polarity effector","HGNC:28027","2p15"
"C3orf47","Previous symbol","H1-10-AS1","H1-10 antisense RNA 1","HGNC:27953","3q21.3"
"C6orf168","Previous symbol","FAXC","failed axon connections homolog, metaxin like GST domain containing","HGNC:20742","6q16.2"
"C3orf45","Previous symbol","LSMEM2","leucine rich single-pass membrane protein 2","HGNC:26781","3p21.31"
"C4orf21","Previous symbol","ZGRF1","zinc finger GRF-type containing 1","HGNC:25654","4q25"
"C6orf138","Previous symbol","PTCHD4","patched domain containing 4","HGNC:21345","6p12.3"
"C5orf55","Previous symbol","EXOC3-AS1","EXOC3 antisense RNA 1","HGNC:25175","5p15.33"
"C6orf1","Previous symbol","SMIM29","small integral membrane protein 29","HGNC:1340","6p21.31"
"C4orf27","Previous symbol","HPF1","histone PARylation factor 1","HGNC:26051","4q33"
"C5orf62","Previous symbol","SMIM3","small integral membrane protein 3","HGNC:30248","5q33.1"
"C5orf32","Previous symbol","CYSTM1","cysteine rich transmembrane module containing 1","HGNC:30239","5q31.3"
"C5orf58","Approved symbol","C5orf58","chromosome 5 open reading frame 58","HGNC:37272","5q35.1"
"C3orf71","Previous symbol","ARIH2OS","ARIH2 opposite strand lncRNA","HGNC:34425","3p21.31"
"C3orf72","Previous symbol","FOXL2NB","FOXL2 neighbor","HGNC:34428","3q22.3"
"C3orf75","Previous symbol","ELP6","elongator acetyltransferase complex subunit 6","HGNC:25976","3p21.31"
"C3orf77","Previous symbol","TOPAZ1","testis and ovary specific TOPAZ 1","HGNC:24746","3p21.31"
"C5orf33","Previous symbol","NADK2","NAD kinase 2, mitochondrial","HGNC:26404","5p13.2"
"C4orf22","Previous symbol","CFAP299","cilia and flagella associated protein 299","HGNC:28554","4q21.21"
"C4orf10","Previous symbol","NOP14-AS1","NOP14 antisense RNA 1","HGNC:20205","4p16.3"
"C6orf103","Previous symbol","ADGB","androglobin","HGNC:21212","6q24.3"
"C5orf54","Previous symbol","FAM200C","family with sequence similarity 200 member C","HGNC:30804","5q33.3"
"C4orf12","Previous symbol","WDFY3-AS2","WDFY3 antisense RNA 2","HGNC:21603","4q21.23"
"C4orf14","Previous symbol","NOA1","nitric oxide associated 1","HGNC:28473","4q12"
"C5orf35","Previous symbol","SETD9","SET domain containing 9","HGNC:28508","5q11.2"
"C5orf36","Previous symbol","KIAA0825","KIAA0825","HGNC:28532","5q15"
"C5orf37","Previous symbol","POC5","POC5 centriolar protein","HGNC:26658","5q13.3"
"C5orf45","Previous symbol","MRNIP","MRN complex interacting protein","HGNC:30817","5q35.3"
"C5orf39","Previous symbol","ANXA2R","annexin A2 receptor","HGNC:33463","5p12"
"C5orf44","Previous symbol","TRAPPC13","trafficking protein particle complex subunit 13","HGNC:25828","5q12.3"
"C5orf43","Previous symbol","SMIM15","small integral membrane protein 15","HGNC:33861","5q12.1"
"C5orf41","Previous symbol","CREBRF","CREB3 regulatory factor","HGNC:24050","5q35.1"
"C5orf28","Previous symbol","TMEM267","transmembrane protein 267","HGNC:26139","5p12"
"C6orf108","Previous symbol","DNPH1","2'-deoxynucleoside 5'-phosphate N-hydrolase 1","HGNC:21218","6p21.1"
"C3orf50","Previous symbol","EGFEM1P","EGF like and EMI domain containing 1, pseudogene","HGNC:25149","3q26.2"
"C6orf125","Previous symbol","UQCC2","ubiquinol-cytochrome c reductase complex assembly factor 2","HGNC:21237","6p21.31"
"C4orf39","Previous symbol","FAM218A","family with sequence similarity 218 member A","HGNC:26466","4q32.3"
"C3orf54","Previous symbol","INKA1","inka box actin regulator 1","HGNC:32480","3p21.31"
"C6orf130","Previous symbol","OARD1","O-acyl-ADP-ribose deacylase 1","HGNC:21257","6p21.1"
"C5orf42","Previous symbol","CPLANE1","ciliogenesis and planar polarity effector complex subunit 1","HGNC:25801","5p13.2"
"C3orf57","Previous symbol","SPTSSB","serine palmitoyltransferase small subunit B","HGNC:24045","3q26.1"
"C6orf129","Previous symbol","CCDC167","coiled-coil domain containing 167","HGNC:21239","6p21.2"
"C4orf38","Previous symbol","WWC2-AS2","WWC2 antisense RNA 2","HGNC:26390","4q35.1"
"C3orf58","Previous symbol","DIPK2A","divergent protein kinase domain 2A","HGNC:28490","3q24"
"C6orf127","Previous symbol","CLPSL1","colipase like 1","HGNC:21251","6p21.31"
"C4orf37","Previous symbol","STPG2","sperm tail PG-rich repeat containing 2","HGNC:28712","4q22.3-q23"
"C6orf126","Previous symbol","CLPSL2","colipase like 2","HGNC:21250","6p21.31"
"C6orf124","Previous symbol","AFDN-DT","AFDN divergent transcript","HGNC:21236","6q27"
"C5orf25","Previous symbol","SIMC1","SUMO interacting motifs containing 1","HGNC:24779","5q35.2"
"C6orf123","Previous symbol","LINC01558","long intergenic non-protein coding RNA 1558","HGNC:21235","6q27"
"C3orf59","Previous symbol","MB21D2","Mab-21 domain containing 2","HGNC:30438","3q29"
"C4orf34","Previous symbol","SMIM14","small integral membrane protein 14","HGNC:27321","4p14"
"C6orf115","Previous symbol","ABRACL","ABRA C-terminal like","HGNC:21230","6q24.1"
"C6orf114","Previous symbol","GFOD1","glucose-fructose oxidoreductase domain containing 1","HGNC:21096","6p24.1-p23"
"C3orf63","Previous symbol","TASOR","transcription activation suppressor","HGNC:30314","3p14.3"
"C3orf64","Previous symbol","EOGT","EGF domain specific O-linked N-acetylglucosamine transferase","HGNC:28526","3p14.1"
"C4orf32","Previous symbol","FAM241A","family with sequence similarity 241 member A","HGNC:26813","4q25"
"C4orf44","Previous symbol","MSANTD1","Myb/SANT DNA binding domain containing 1","HGNC:33741","4p16.3"
"C4orf31","Previous symbol","NDNF","neuron derived neurotrophic factor","HGNC:26256","4q27"
"C4orf29","Previous symbol","ABHD18","abhydrolase domain containing 18","HGNC:26111","4q28.2"
"C3orf55","Previous symbol","SLC66A1L","solute carrier family 66 member 1 like","HGNC:25146","3q25.32"
"C10orf10","Previous symbol","DEPP1","DEPP autophagy regulator 1","HGNC:23355","10q11.21"
"C6orf204","Previous symbol","CEP85L","centrosomal protein 85 like","HGNC:21638","6q22.31"
"C10orf62","Approved symbol","C10orf62","chromosome 10 open reading frame 62","HGNC:23294","10q24.2"
"C8orf44","Approved symbol","C8orf44","chromosome 8 putative open reading frame 44","HGNC:25646","8q13.1"
"C17orf67","Approved symbol","C17orf67","chromosome 17 open reading frame 67","HGNC:27900","17q22"
"C2orf92","Approved symbol","C2orf92","chromosome 2 open reading frame 92","HGNC:49272","2q11.2"
"C2orf74","Approved symbol","C2orf74","chromosome 2 open reading frame 74","HGNC:34439","2p15"
"C4orf54","Approved symbol","C4orf54","chromosome 4 open reading frame 54","HGNC:27741","4q23"
"ZHX1-C8orf76","Approved symbol","ZHX1-C8orf76","ZHX1-C8orf76 readthrough","HGNC:42975","8q24.13"
"C10orf105","Approved symbol","C10orf105","chromosome 10 open reading frame 105","HGNC:20304","10q22.1"
"C10orf113","Previous symbol","NEBL","nebulette","HGNC:16932","10p12.31"
"C10orf120","Approved symbol","C10orf120","chromosome 10 open reading frame 120","HGNC:25707","10q26.13"
"C10orf67","Approved symbol","C10orf67","chromosome 10 open reading frame 67","HGNC:28716","10p12.2"
"CXorf40B","Previous symbol","EOLA2","endothelium and lymphocyte associated ASCH domain 2","HGNC:17402","Xq28"
"C11orf16","Approved symbol","C11orf16","chromosome 11 open reading frame 16","HGNC:1169","11p15.4"
"C11orf40","Approved symbol","C11orf40","chromosome 11 putative open reading frame 40","HGNC:23986","11p15.4"
"C11orf42","Approved symbol","C11orf42","chromosome 11 open reading frame 42","HGNC:28541","11p15.4"
"C11orf52","Approved symbol","C11orf52","chromosome 11 open reading frame 52","HGNC:30531","11q23.1"
"C11orf65","Approved symbol","C11orf65","chromosome 11 open reading frame 65","HGNC:28519","11q22.3"
"C11orf86","Approved symbol","C11orf86","chromosome 11 open reading frame 86","HGNC:34442","11q13.2"
"C11orf94","Previous symbol","FREY1","Frey regulator of sperm-oocyte fusion 1","HGNC:37213","11p11.2"
"C12orf40","Approved symbol","C12orf40","chromosome 12 open reading frame 40","HGNC:26846","12q12"
"C12orf54","Approved symbol","C12orf54","chromosome 12 open reading frame 54","HGNC:28553","12q13.11"
"CXorf40A","Previous symbol","EOLA1","endothelium and lymphocyte associated ASCH domain 1","HGNC:28089","Xq28"
"C20orf204","Approved symbol","C20orf204","chromosome 20 open reading frame 204","HGNC:27655","20q13.33"
"C16orf78","Approved symbol","C16orf78","chromosome 16 open reading frame 78","HGNC:28479","16q12.1"
"C9orf89","Previous symbol","CARD19","caspase recruitment domain family member 19","HGNC:28148","9q22.31"
"C9orf6","Previous symbol","ABITRAM","actin binding transcription modulator","HGNC:1364","9q31.3"
"C9orf66","Previous symbol","DOCK8-AS1","DOCK8 antisense RNA 1","HGNC:26436","9p24.3"
"C9orf68","Previous symbol","SPATA6L","spermatogenesis associated 6 like","HGNC:25472","9p24.2-p24.1"
"C9orf69","Previous symbol","TMEM250","transmembrane protein 250","HGNC:31009","9q34.3"
"C9orf7","Previous symbol","CACFD1","calcium channel flower domain containing 1","HGNC:1365","9q34.2"
"C9orf75","Previous symbol","TPRN","taperin","HGNC:26894","9q34.3"
"C9orf80","Previous symbol","INIP","INTS3 and NABP interacting protein","HGNC:24994","9q32"
"C9orf82","Previous symbol","CAAP1","caspase activity and apoptosis inhibitor 1","HGNC:25834","9p21.2"
"C9orf86","Previous symbol","RABL6","RAB, member RAS oncogene family like 6","HGNC:24703","9q34.3"
"C9orf9","Previous symbol","SPACA9","sperm acrosome associated 9","HGNC:1367","9q34.13"
"C6orf222","Previous symbol","BNIP5","BCL2 interacting protein 5","HGNC:33769","6p21.31"
"C9orf91","Previous symbol","TMEM268","transmembrane protein 268","HGNC:24513","9q32"
"C9orf93","Previous symbol","CCDC171","coiled-coil domain containing 171","HGNC:29828","9p22.3"
"C9orf95","Previous symbol","NMRK1","nicotinamide riboside kinase 1","HGNC:26057","9q21.13"
"C9orf96","Previous symbol","STKLD1","serine/threonine kinase like domain containing 1","HGNC:28669","9q34.2"
"C9orf98","Previous symbol","AK8","adenylate kinase 8","HGNC:26526","9q34.13"
"CXorf56","Previous symbol","STEEP1","STING1 ER exit protein 1","HGNC:26239","Xq24"
"CXorf21","Previous symbol","TASL","TLR adaptor interacting with endolysosomal SLC15A4","HGNC:25667","Xp21.2"
"C11orf74","Previous symbol","IFTAP","intraflagellar transport associated protein","HGNC:25142","11p12"
"C11orf96","Approved symbol","C11orf96","chromosome 11 open reading frame 96","HGNC:38675","11p11.2"
"C12orf71","Approved symbol","C12orf71","chromosome 12 open reading frame 71","HGNC:34452","12p11.23"
"C16orf89","Approved symbol","C16orf89","chromosome 16 open reading frame 89","HGNC:28687","16p13.3"
"C9orf46","Previous symbol","PLGRKT","plasminogen receptor with a C-terminal lysine","HGNC:23633","9p24.1"
"C7orf61","Previous symbol","SPACDR","sperm acrosome developmental regulator","HGNC:22135","7q22.1"
"C3orf20","Approved symbol","C3orf20","chromosome 3 open reading frame 20","HGNC:25320","3p25.1"
"C3orf22","Approved symbol","C3orf22","chromosome 3 open reading frame 22","HGNC:28534","3q21.3"
"C3orf84","Approved symbol","C3orf84","chromosome 3 open reading frame 84","HGNC:44666","3p21.31"
"C4orf17","Approved symbol","C4orf17","chromosome 4 open reading frame 17","HGNC:25274","4q23"
"C4orf45","Approved symbol","C4orf45","chromosome 4 open reading frame 45","HGNC:26342","4q32.1"
"C4orf51","Approved symbol","C4orf51","chromosome 4 open reading frame 51","HGNC:37264","4q31.21"
"C6orf118","Approved symbol","C6orf118","chromosome 6 open reading frame 118","HGNC:21233","6q27"
"C6orf58","Approved symbol","C6orf58","chromosome 6 open reading frame 58","HGNC:20960","6q22.33"
"C7orf33","Approved symbol","C7orf33","chromosome 7 open reading frame 33","HGNC:21724","7q36.1"
"C8orf34","Approved symbol","C8orf34","chromosome 8 open reading frame 34","HGNC:30905","8q13.2"
"C2orf66","Approved symbol","C2orf66","chromosome 2 open reading frame 66","HGNC:33809","2q33.1"
"C8orf74","Approved symbol","C8orf74","chromosome 8 open reading frame 74","HGNC:32296","8p23.1"
"C8orf86","Previous symbol","LINC03042","long intergenic non-protein coding RNA 3042","HGNC:33774","8p11.22"
"C9orf131","Approved symbol","C9orf131","chromosome 9 open reading frame 131","HGNC:31418","9p13.3"
"C9orf135","Previous symbol","CFAP95","cilia and flagella associated protein 95","HGNC:31422","9q21.12"
"C9orf153","Approved symbol","C9orf153","chromosome 9 open reading frame 153","HGNC:31456","9q21.33"
"C9orf57","Approved symbol","C9orf57","chromosome 9 open reading frame 57","HGNC:27037","9q21.13"
"C9orf92","Previous symbol","LINC03041","long intergenic non-protein coding RNA 3041","HGNC:19054","9p22.3"
"CXorf58","Approved symbol","CXorf58","chromosome X open reading frame 58","HGNC:26356","Xp22.11"
"CXorf65","Approved symbol","CXorf65","chromosome X open reading frame 65","HGNC:33713","Xq13.1"
"C2orf80","Approved symbol","C2orf80","chromosome 2 open reading frame 80","HGNC:34352","2q33.3"
"C2orf50","Approved symbol","C2orf50","chromosome 2 open reading frame 50","HGNC:26324","2p25.1"
"C16orf96","Approved symbol","C16orf96","chromosome 16 open reading frame 96","HGNC:40031","16p13.3"
"C1orf158","Previous symbol","CFAP107","cilia and flagella associated protein 107","HGNC:28567","1p36.21"
"C17orf78","Approved symbol","C17orf78","chromosome 17 open reading frame 78","HGNC:26831","17q12"
"C18orf63","Approved symbol","C18orf63","chromosome 18 open reading frame 63","HGNC:40037","18q22.3"
"C19orf18","Approved symbol","C19orf18","chromosome 19 open reading frame 18","HGNC:28642","19q13.43"
"C19orf67","Approved symbol","C19orf67","chromosome 19 open reading frame 67","HGNC:34354","19p13.12"
"C19orf81","Approved symbol","C19orf81","chromosome 19 open reading frame 81","HGNC:40041","19q13.33"
"C19orf84","Approved symbol","C19orf84","chromosome 19 open reading frame 84","HGNC:27112","19q13.41"
"C1orf100","Approved symbol","C1orf100","chromosome 1 open reading frame 100","HGNC:30435","1q44"
"C1orf105","Approved symbol","C1orf105","chromosome 1 open reading frame 105","HGNC:29591","1q24.3"
"C1orf141","Approved symbol","C1orf141","chromosome 1 open reading frame 141","HGNC:32044","1p31.3"
"C1orf185","Approved symbol","C1orf185","chromosome 1 open reading frame 185","HGNC:28096","1p32.3"
"C22orf42","Approved symbol","C22orf42","chromosome 22 open reading frame 42","HGNC:27160","22q12.3"
"C1orf189","Previous symbol","CFAP141","cilia and flagella associated protein 141","HGNC:32305","1q21.3"
"C1orf68","Previous symbol","KPLCE","KPRP N-terminal and LCE C-terminal like protein","HGNC:29468","1q21.3"
"C20orf141","Approved symbol","C20orf141","chromosome 20 open reading frame 141","HGNC:16134","20p13"
"C20orf173","Approved symbol","C20orf173","chromosome 20 open reading frame 173","HGNC:16166","20q11.22"
"C20orf202","Approved symbol","C20orf202","chromosome 20 open reading frame 202","HGNC:37254","20p13"
"C21orf140","Approved symbol","C21orf140","chromosome 21 open reading frame 140","HGNC:39602","21q22.12"
"C21orf62","Approved symbol","C21orf62","chromosome 21 open reading frame 62","HGNC:1305","21q22.11"
"C22orf15","Approved symbol","C22orf15","chromosome 22 open reading frame 15","HGNC:15558","22q11.23"
"C22orf31","Approved symbol","C22orf31","chromosome 22 open reading frame 31","HGNC:26931","22q12.1"
"C9orf5","Previous symbol","TMEM245","transmembrane protein 245","HGNC:1363","9q31.3"
"C9orf44","Previous symbol","LINC00475","long intergenic non-protein coding RNA 475","HGNC:23569","9q22.31"
"C6orf208","Previous symbol","LINC00574","long intergenic non-protein coding RNA 574","HGNC:21598","6q27"
"C7orf52","Previous symbol","NAT16","N-acetyltransferase 16 (putative)","HGNC:22030","7q22.1"
"C7orf40","Previous symbol","SNHG15","small nucleolar RNA host gene 15","HGNC:27797","7p13"
"C7orf41","Previous symbol","MTURN","maturin, neural progenitor differentiation regulator homolog","HGNC:25457","7p14.3"
"C7orf42","Previous symbol","TMEM248","transmembrane protein 248","HGNC:25476","7q11.21"
"C7orf44","Previous symbol","COA1","cytochrome c oxidase assembly factor 1","HGNC:21868","7p13"
"C7orf45","Previous symbol","SSMEM1","serine rich single-pass membrane protein 1","HGNC:29580","7q32.2"
"C7orf46","Previous symbol","FAM221A","family with sequence similarity 221 member A","HGNC:27977","7p15.3"
"C7orf47","Previous symbol","PPP1R35","protein phosphatase 1 regulatory subunit 35","HGNC:28320","7q22.1"
"C7orf49","Previous symbol","CYREN","cell cycle regulator of NHEJ","HGNC:22432","7q33"
"C7orf51","Previous symbol","NYAP1","neuronal tyrosine phosphorylated phosphoinositide-3-kinase adaptor 1","HGNC:22009","7q22.1"
"C7orf55","Previous symbol","FMC1","formation of mitochondrial complex V assembly factor 1 homolog","HGNC:26946","7q34"
"C7orf36","Previous symbol","YAE1","YAE1 maturation factor of ABCE1","HGNC:24857","7p14.1"
"C7orf59","Previous symbol","LAMTOR4","late endosomal/lysosomal adaptor, MAPK and MTOR activator 4","HGNC:33772","7q22.1"
"C2orf56","Previous symbol","NDUFAF7","NADH:ubiquinone oxidoreductase complex assembly factor 7","HGNC:28816","2p22.2"
"C7orf60","Previous symbol","BMT2","base methyltransferase of 25S rRNA 2 homolog","HGNC:26475","7q31.1"
"C7orf63","Previous symbol","CFAP69","cilia and flagella associated protein 69","HGNC:26107","7q21.13"
"C7orf64","Previous symbol","RBM48","RNA binding motif protein 48","HGNC:21785","7q21.2"
"C7orf68","Previous symbol","HILPDA","hypoxia inducible lipid droplet associated","HGNC:28859","7q32.1"
"C7orf70","Previous symbol","FAM220A","family with sequence similarity 220 member A","HGNC:22422","7p22.1"
"C7orf72","Previous symbol","SPATA48","spermatogenesis associated 48","HGNC:22564","7p12.2"
"C8ORFK29","Alias symbol","TMEM249","transmembrane protein 249","HGNC:44155","8q24.3"
"C7orf38","Previous symbol","FAM200A","family with sequence similarity 200 member A","HGNC:25401","7q22.1"
"C7orf30","Previous symbol","MALSU1","mitochondrial assembly of ribosomal large subunit 1","HGNC:21721","7p15.3"
"C8orf39","Previous symbol","RBM12B-AS1","RBM12B antisense RNA 1","HGNC:28818","8q22.1"
"C6orf70","Previous symbol","ERMARD","ER membrane associated RNA degradation","HGNC:21056","6q27"
"C6orf211","Previous symbol","ARMT1","acidic residue methyltransferase 1","HGNC:17872","6q25.1"
"C6orf217","Previous symbol","AHI1-DT","AHI1 divergent transcript","HGNC:32526","6q23.3"
"C6orf221","Previous symbol","KHDC3L","KH domain containing 3 like, subcortical maternal complex member","HGNC:33699","6q13"
"C6orf225","Previous symbol","FAM229B","family with sequence similarity 229 member B","HGNC:33858","6q21"
"C6orf227","Previous symbol","LINC00336","long intergenic non-protein coding RNA 336","HGNC:33813","6p21.31"
"C6orf25","Previous symbol","MPIG6B","megakaryocyte and platelet inhibitory receptor G6b","HGNC:13937","6p21.33"
"C6orf35","Previous symbol","TMEM242","transmembrane protein 242","HGNC:17206","6q25.3"
"C6orf57","Previous symbol","SDHAF4","succinate dehydrogenase complex assembly factor 4","HGNC:20957","6q13"
"C6orf64","Previous symbol","SAYSD1","SAYSVFN motif domain containing 1","HGNC:21025","6p21.2"
"C6orf72","Previous symbol","GINM1","glycosylated integral membrane protein 1","HGNC:21074","6q25.1"
"C7orf28B","Previous symbol","CCZ1B","CCZ1 homolog B, vacuolar protein trafficking and biogenesis associated","HGNC:21717","7p22.1"
"C6orf81","Previous symbol","ARMC12","armadillo repeat containing 12","HGNC:21099","6p21.31"
"C6orf97","Previous symbol","CCDC170","coiled-coil domain containing 170","HGNC:21177","6q25.1"
"C7orf10","Previous symbol","SUGCT","succinyl-CoA:glutarate-CoA transferase","HGNC:16001","7p14.1"
"C7orf11","Previous symbol","MPLKIP","M-phase specific PLK1 interacting protein","HGNC:16002","7p14.1"
"C7orf13","Previous symbol","RNF32-DT","RNF32 divergent transcript","HGNC:48971","7q36.3"
"C7orf20","Previous symbol","GET4","guided entry of tail-anchored proteins factor 4","HGNC:21690","7p22.3"
"C7orf23","Previous symbol","TMEM243","transmembrane protein 243","HGNC:21707","7q21.12"
"C7orf27","Previous symbol","BRAT1","BRCA1 associated ATM activator 1","HGNC:21701","7p22.3"
"C7orf28A","Previous symbol","CCZ1","CCZ1 homolog, vacuolar protein trafficking and biogenesis associated","HGNC:21691","7p22.1"
"C8orf38","Previous symbol","NDUFAF6","NADH:ubiquinone oxidoreductase complex assembly factor 6","HGNC:28625","8q22.1"
"C8orf40","Previous symbol","SMIM19","small integral membrane protein 19","HGNC:25166","8p11.21"
"C9orf41","Previous symbol","CARNMT1","carnosine N-methyltransferase 1","HGNC:23435","9q21.13"
"C9orf169","Previous symbol","CYSRT1","cysteine rich tail 1","HGNC:30529","9q34.3"
"C9orf129","Previous symbol","FAM120A2P","family with sequence similarity 120A2, pseudogene","HGNC:31116","9q22.31"
"C9orf130","Previous symbol","ERCC6L2-AS1","ERCC6L2 antisense RNA 1","HGNC:27858","9q22.32"
"C9orf139","Previous symbol","LINC02908","long intergenic non-protein coding RNA 2908","HGNC:31426","9q34.3"
"C9orf140","Previous symbol","SAPCD2","suppressor APC domain containing 2","HGNC:28055","9q34.3"
"C9orf142","Previous symbol","PAXX","PAXX non-homologous end joining factor","HGNC:27849","9q34.3"
"C9orf150","Previous symbol","LURAP1L","leucine rich adaptor protein 1 like","HGNC:31452","9p23"
"C9orf156","Previous symbol","TRMO","tRNA methyltransferase O","HGNC:30967","9q22.33"
"C9orf163","Approved symbol","C9orf163","chromosome 9 putative open reading frame 163","HGNC:26718","9q34.3"
"C9orf167","Previous symbol","TOR4A","torsin family 4 member A","HGNC:25981","9q34.3"
"C9orf170","Previous symbol","LINC02872","long intergenic non-protein coding RNA 2872","HGNC:33817","9q21.33"
"C9orf125","Previous symbol","PGAP4","post-GPI attachment to proteins GalNAc transferase 4","HGNC:28180","9q31.1"
"C9orf171","Previous symbol","CFAP77","cilia and flagella associated protein 77","HGNC:33776","9q34.13"
"C9orf172","Previous symbol","AJM1","apical junction component 1 homolog","HGNC:37284","9q34.3"
"C9orf173","Previous symbol","STPG3","sperm-tail PG-rich repeat containing 3","HGNC:37285","9q34.3"
"C9orf21","Previous symbol","PRXL2C","peroxiredoxin like 2C","HGNC:16881","9q22.33"
"C9orf23","Previous symbol","RPP25L","ribonuclease P/MRP subunit p25 like","HGNC:19909","9p13.3"
"C9orf25","Previous symbol","FAM219A","family with sequence similarity 219 member A","HGNC:19920","9p13.3"
"C9orf30","Previous symbol","MSANTD3","Myb/SANT DNA binding domain containing 3","HGNC:23370","9q31.1"
"C9orf37","Previous symbol","ARRDC1-AS1","ARRDC1 antisense RNA 1","HGNC:23395","9q34.3"
"C9orf4","Previous symbol","FRRS1L","ferric chelate reductase 1 like","HGNC:1362","9q31.3"
"C9orf128","Previous symbol","FAM221B","family with sequence similarity 221 member B","HGNC:30762","9p13.3"
"C9orf123","Previous symbol","DMAC1","distal membrane arm assembly component 1","HGNC:30536","9p24.1"
"C8orf41","Previous symbol","TTI2","TELO2 interacting protein 2","HGNC:26262","8p12"
"C8orf83","Previous symbol","TRIQK","triple QxxK/R motif containing","HGNC:27828","8q22.1"
"C8orf42","Previous symbol","TDRP","testis development related protein","HGNC:26951","8p23.3"
"C8orf47","Previous symbol","ERICH5","glutamate rich 5","HGNC:26823","8q22.2"
"C8orf51","Previous symbol","RHPN1-AS1","RHPN1 antisense RNA 1 (head to head)","HGNC:28457","8q24.3"
"C8orf55","Previous symbol","THEM6","thioesterase superfamily member 6","HGNC:29656","8q24.3"
"C8orf56","Previous symbol","BAALC-AS2","BAALC antisense RNA 2","HGNC:28595","8q22.3"
"C8orf71","Previous symbol","LINC00588","long intergenic non-protein coding RNA 588","HGNC:24494","8q12.1"
"C8orf73","Previous symbol","MROH6","maestro heat like repeat family member 6","HGNC:27814","8q24.3"
"C8orf77","Previous symbol","ZNF252P-AS1","ZNF252P antisense RNA 1","HGNC:27821","8q24.3"
"C8orf79","Previous symbol","TRMT9B","tRNA methyltransferase 9B (putative)","HGNC:26725","8p22"
"C8orf84","Previous symbol","SBSPON","somatomedin B and thrombospondin type 1 domain containing","HGNC:30362","8q21.11"
"C9orf122","Previous symbol","FAM201A","family with sequence similarity 201 member A","HGNC:27239","9p13.1"
"C8orf85","Previous symbol","AARD","alanine and arginine rich domain containing protein","HGNC:33842","8q24.11"
"C9orf100","Previous symbol","ARHGEF39","Rho guanine nucleotide exchange factor 39","HGNC:25909","9p13.3"
"C9orf102","Previous symbol","ERCC6L2","ERCC excision repair 6 like 2","HGNC:26922","9q22.32"
"C9orf103","Previous symbol","IDNK","IDNK gluconokinase","HGNC:31367","9q21.32"
"C9orf106","Previous symbol","LINC02913","long intergenic non-protein coding RNA 2913","HGNC:31370","9q34.11"
"C9orf109","Previous symbol","FAM225A","family with sequence similarity 225 member A","HGNC:27855","9q32"
"C9orf110","Previous symbol","FAM225B","family with sequence similarity 225 member B","HGNC:21865","9q32"
"C9orf114","Previous symbol","SPOUT1","SPOUT domain containing methyltransferase 1","HGNC:26933","9q34.11"
"C9orf119","Previous symbol","SWI5","SWI5 homologous recombination repair protein","HGNC:31412","9q34.11"
"C2orf60","Previous symbol","TYW5","tRNA-yW synthesizing protein 5","HGNC:26754","2q33.1"
"C20orf94","Previous symbol","SLX4IP","SLX4 interacting protein","HGNC:16225","20p12.2"
"C2orf55","Previous symbol","CRACDL","CRACD like","HGNC:33454","2q11.2"
"C15orf24","Previous symbol","EMC7","ER membrane protein complex subunit 7","HGNC:24301","15q14"
"C14orf43","Previous symbol","MIDEAS","mitotic deacetylase associated SANT domain protein","HGNC:19853","14q24.3"
"C14orf45","Previous symbol","BBOF1","basal body orientation factor 1","HGNC:19855","14q24.3"
"C14orf50","Previous symbol","PPP1R36","protein phosphatase 1 regulatory subunit 36","HGNC:20097","14q23.3"
"C14orf70","Previous symbol","LINC00523","long intergenic non-protein coding RNA 523","HGNC:20117","14q32.2"
"C14orf73","Previous symbol","EXOC3L4","exocyst complex component 3 like 4","HGNC:20120","14q32.32"
"C14orf79","Previous symbol","CLBA1","clathrin binding box of aftiphilin containing 1","HGNC:20126","14q32.33"
"C14orf80","Previous symbol","TEDC1","tubulin epsilon and delta complex 1","HGNC:20127","14q32.33"
"C15orf17","Previous symbol","FAM219B","family with sequence similarity 219 member B","HGNC:24695","15q24.1-q24.2"
"C15orf2","Previous symbol","NPAP1","nuclear pore associated protein 1","HGNC:1190","15q11.2"
"C15orf23","Previous symbol","KNSTRN","kinetochore localized astrin (SPAG5) binding protein","HGNC:30767","15q15.1"
"C15orf26","Previous symbol","CFAP161","cilia and flagella associated protein 161","HGNC:26782","15q25.1"
"C15orf58","Previous symbol","GDPGP1","GDP-D-glucose phosphorylase 1","HGNC:34360","15q26.1"
"C15orf27","Previous symbol","TMEM266","transmembrane protein 266","HGNC:26763","15q24.2"
"C15orf29","Previous symbol","KATNBL1","katanin regulatory subunit B1 like 1","HGNC:26199","15q14"
"C15orf33","Previous symbol","FAM227B","family with sequence similarity 227 member B","HGNC:26543","15q21.2"
"C15orf34","Previous symbol","HEXA-AS1","HEXA antisense RNA 1","HGNC:25810","15q23"
"C15orf37","Previous symbol","ST20-AS1","ST20 antisense RNA 1","HGNC:27521","15q25.1"
"C15orf38","Previous symbol","ARPIN","actin related protein 2/3 complex inhibitor","HGNC:28782","15q26.1"
"C15orf42","Previous symbol","TICRR","TOPBP1 interacting checkpoint and replication regulator","HGNC:28704","15q26.1"
"C15orf44","Previous symbol","INTS14","integrator complex subunit 14","HGNC:25372","15q22.31"
"C15orf51","Previous symbol","DNM1P46","dynamin 1 pseudogene 46","HGNC:35199","15q26.3"
"C15orf56","Previous symbol","PAK6-AS1","PAK6 antisense RNA 1","HGNC:33868","15q15.1"
"C14orf4","Previous symbol","IRF2BPL","interferon regulatory factor 2 binding protein like","HGNC:14282","14q24.3"
"C14orf38","Previous symbol","CCDC175","coiled-coil domain containing 175","HGNC:19847","14q23.1"
"C14orf37","Previous symbol","ARMH4","armadillo like helical domain containing 4","HGNC:19846","14q23.1"
"C14orf33","Previous symbol","KTN1-AS1","KTN1 antisense RNA 1","HGNC:19842","14q22.3"
"C14orf138","Previous symbol","VCPKMT","valosin containing protein lysine methyltransferase","HGNC:20352","14q21.3"
"C14orf142","Previous symbol","GON7","GON7 subunit of KEOPS complex","HGNC:20356","14q32.12"
"C14orf143","Previous symbol","EFCAB11","EF-hand calcium binding domain 11","HGNC:20357","14q32.11"
"C14orf145","Previous symbol","CEP128","centrosomal protein 128","HGNC:20359","14q31.1"
"C14orf149","Previous symbol","L3HYPDH","trans-L-3-hydroxyproline dehydratase","HGNC:20488","14q23.1"
"C14orf153","Previous symbol","COA8","cytochrome c oxidase assembly factor 8","HGNC:20492","14q32.33"
"C14orf156","Previous symbol","SLIRP","SRA stem-loop interacting RNA binding protein","HGNC:20495","14q24.3"
"C14orf162","Previous symbol","CCDC177","coiled-coil domain containing 177","HGNC:23243","14q24.1"
"C14orf166","Previous symbol","RTRAF","RNA transcription, translation and transport factor","HGNC:23169","14q22.1"
"C14orf167","Previous symbol","DHRS4-AS1","DHRS4 antisense RNA 1","HGNC:23175","14q11.2"
"C14orf169","Previous symbol","RIOX1","ribosomal oxygenase 1","HGNC:20968","14q24.3"
"C14orf174","Previous symbol","SAMD15","sterile alpha motif domain containing 15","HGNC:18631","14q24.3"
"C14orf176","Previous symbol","TMEM253","transmembrane protein 253","HGNC:32545","14q11.2"
"C14orf178","Approved symbol","C14orf178","chromosome 14 open reading frame 178","HGNC:26385","14q24.3"
"C14orf179","Previous symbol","IFT43","intraflagellar transport 43","HGNC:29669","14q24.3"
"C14orf181","Entry withdrawn","C14orf181","","HGNC:33794",""
"C14orf182","Previous symbol","LINC01588","long intergenic non-protein coding RNA 1588","HGNC:27503","14q21.3"
"C14orf184","Entry withdrawn","C14orf184","","HGNC:37224",""
"C14orf2","Previous symbol","ATP5MJ","ATP synthase membrane subunit j","HGNC:1188","14q32.33"
"C14orf21","Previous symbol","NOP9","NOP9 nucleolar protein","HGNC:19826","14q12"
"C14orf23","Previous symbol","LINC01551","long intergenic non-protein coding RNA 1551","HGNC:19828","14q12"
"C15orf57","Previous symbol","CCDC32","coiled-coil domain containing 32","HGNC:28295","15q15.1"
"C15orf59","Previous symbol","INSYN1","inhibitory synaptic factor 1","HGNC:33753","15q24.1"
"C2orf54","Previous symbol","MAB21L4","mab-21 like 4","HGNC:26216","2q37.3"
"C17orf37","Previous symbol","MIEN1","migration and invasion enhancer 1","HGNC:28230","17q12"
"C16orf81","Previous symbol","LINC00304","long intergenic non-protein coding RNA 304","HGNC:26713","16q24.3"
"C16orf88","Previous symbol","KNOP1","lysine rich nucleolar protein 1","HGNC:34404","16p12.3"
"C16orf93","Previous symbol","CFAP119","cilia and flagella associated protein 119","HGNC:28078","16p11.2"
"C17orf101","Previous symbol","OGFOD3","2-oxoglutarate and iron dependent oxygenase domain containing 3","HGNC:26174","17q25.3"
"C17orf102","Previous symbol","TMEM132E-DT","TMEM132E divergent transcript","HGNC:34412","17q12"
"C17orf104","Previous symbol","MEIOC","meiosis specific with coiled-coil domain","HGNC:26670","17q21.31"
"C17orf105","Previous symbol","CFAP97D1","CFAP97 domain containing 1","HGNC:37241","17q21.31"
"C17orf106","Previous symbol","TEN1","TEN1 subunit of CST complex","HGNC:37242","17q25.1"
"C17orf108","Previous symbol","LYRM9","LYR motif containing 9","HGNC:27314","17q11.2"
"C17orf28","Previous symbol","HID1","HID1 domain containing","HGNC:15736","17q25.1"
"C17orf39","Previous symbol","GID4","GID complex subunit 4 homolog","HGNC:28453","17p11.2"
"C15orf60","Previous symbol","REC114","REC114 meiotic recombination protein","HGNC:25065","15q24.1"
"C17orf42","Previous symbol","TEFM","transcription elongation factor, mitochondrial","HGNC:26223","17q11.2"
"C17orf44","Previous symbol","LINC00324","long intergenic non-protein coding RNA 324","HGNC:26628","17p13.1"
"C17orf46","Previous symbol","SPATA32","spermatogenesis associated 32","HGNC:26349","17q21.31"
"C17orf48","Previous symbol","ADPRM","ADP-ribose/CDP-alcohol diphosphatase, manganese dependent","HGNC:30925","17p13.1"
"C17orf55","Previous symbol","LINC00482","long intergenic non-protein coding RNA 482","HGNC:26816","17q25.3"
"C17orf56","Previous symbol","TEPSIN","TEPSIN adaptor related protein complex 4 accessory protein","HGNC:26458","17q25.3"
"C17orf57","Previous symbol","EFCAB13","EF-hand calcium binding domain 13","HGNC:26864","17q21.32"
"C17orf59","Previous symbol","BORCS6","BLOC-1 related complex subunit 6","HGNC:25939","17p13.1"
"C17orf61","Previous symbol","TMEM256","transmembrane protein 256","HGNC:28618","17p13.1"
"C17orf62","Previous symbol","CYBC1","cytochrome b-245 chaperone 1","HGNC:28672","17q25.3"
"C16orf80","Previous symbol","CFAP20","cilia and flagella associated protein 20","HGNC:29523","16q21"
"C16orf79","Previous symbol","BRICD5","BRICHOS domain containing 5","HGNC:28309","16p13.3"
"C16orf75","Previous symbol","RMI2","RecQ mediated genome instability 2","HGNC:28349","16p13.13"
"C16orf73","Previous symbol","MEIOB","meiosis specific with OB-fold","HGNC:28569","16p13.3"
"C15orf63","Previous symbol","HYPK","huntingtin interacting protein K","HGNC:18418","15q15.3"
"C16orf10","Previous symbol","LINC00235","long intergenic non-protein coding RNA 235","HGNC:14138","16p13.3"
"C16orf11","Previous symbol","PRR35","proline rich 35","HGNC:14139","16p13.3"
"C16orf13","Previous symbol","METTL26","methyltransferase like 26","HGNC:14141","16p13.3"
"C16orf35","Previous symbol","NPRL3","NPR3 like, GATOR1 complex subunit","HGNC:14124","16p13.3"
"C16orf38","Previous symbol","PTX4","pentraxin 4","HGNC:14171","16p13.3"
"C16orf42","Previous symbol","TSR3","TSR3 ribosome maturation factor","HGNC:14175","16p13.3"
"C16orf48","Previous symbol","ENKD1","enkurin domain containing 1","HGNC:25246","16q22.1"
"C16orf5","Previous symbol","CDIP1","cell death inducing p53 target 1","HGNC:13234","16p13.3"
"C16orf52","Previous symbol","MOSMO","modulator of smoothened","HGNC:27087","16p12.2"
"C16orf53","Previous symbol","PAGR1","PAXIP1 associated glutamate rich protein 1","HGNC:28707","16p11.2"
"C16orf55","Previous symbol","SPATA33","spermatogenesis associated 33","HGNC:26463","16q24.3"
"C16orf57","Previous symbol","USB1","U6 snRNA biogenesis phosphodiesterase 1","HGNC:25792","16q21"
"C16orf59","Previous symbol","TEDC2","tubulin epsilon and delta complex 2","HGNC:25849","16p13.3"
"C16orf61","Previous symbol","CMC2","C-X9-C motif containing 2","HGNC:24447","16q23.2"
"C16orf62","Previous symbol","VPS35L","VPS35 endosomal protein sorting factor like","HGNC:24641","16p12.3"
"C16orf63","Previous symbol","CEP20","centrosomal protein 20","HGNC:26435","16p13.11"
"C16orf67","Previous symbol","CLUHP3","clustered mitochondria homolog pseudogene 3","HGNC:28447","16p11.2"
"C16orf68","Previous symbol","METTL22","methyltransferase 22, Kin17 lysine","HGNC:28368","16p13.2"
"C16orf7","Previous symbol","VPS9D1","VPS9 domain containing 1","HGNC:13526","16q24.3"
"C16orf71","Previous symbol","DNAAF8","dynein axonemal assembly factor 8","HGNC:25081","16p13.3"
"C14orf135","Previous symbol","PCNX4","pecanex 4","HGNC:20349","14q23.1"
"C14orf133","Previous symbol","VIPAS39","VPS33B interacting protein, apical-basolateral polarity regulator, spe-39 homolog","HGNC:20347","14q24.3"
"C14orf128","Previous symbol","ARHGAP5-AS1","ARHGAP5 antisense RNA 1 (head to head)","HGNC:20279","14q12"
"C11orf30","Previous symbol","EMSY","EMSY transcriptional repressor, BRCA2 interacting","HGNC:18071","11q13.5"
"C10orf76","Previous symbol","ARMH3","armadillo like helical domain containing 3","HGNC:25788","10q24.32"
"C10orf78","Previous symbol","SFR1","SWI5 dependent homologous recombination repair protein 1","HGNC:29574","10q25.1"
"C10orf79","Previous symbol","CFAP43","cilia and flagella associated protein 43","HGNC:26684","10q25.1"
"C10orf84","Previous symbol","FAM204A","family with sequence similarity 204 member A","HGNC:25794","10q26.11"
"C10orf93","Previous symbol","CFAP46","cilia and flagella associated protein 46","HGNC:25247","10q26.3"
"C10orf95","Approved symbol","C10orf95","chromosome 10 open reading frame 95","HGNC:25880","10q24.32"
"C11orf10","Previous symbol","TMEM258","transmembrane protein 258","HGNC:1164","11q12.2"
"C11orf17","Previous symbol","AKIP1","A-kinase interacting protein 1","HGNC:1170","11p15.4"
"C11orf2","Previous symbol","VPS51","VPS51 subunit of GARP complex","HGNC:1172","11q13.1"
"C11orf2","Alias symbol","IFT46","intraflagellar transport 46","HGNC:26146","11q23.3"
"C11orf20","Previous symbol","CATSPERZ","catsper channel auxiliary subunit zeta","HGNC:19231","11q13.1"
"C11orf31","Previous symbol","SELENOH","selenoprotein H","HGNC:18251","11q12.1"
"C14orf126","Previous symbol","DTD2","D-aminoacyl-tRNA deacylase 2","HGNC:20277","14q12"
"C11orf35","Previous symbol","LMNTD2","lamin tail domain containing 2","HGNC:28561","11p15.5"
"C11orf36","Previous symbol","MRGPRG-AS1","MRGPRG antisense RNA 1","HGNC:26691","11p15.4"
"C11orf46","Previous symbol","ARL14EP","ADP ribosylation factor like GTPase 14 effector protein","HGNC:26798","11p14.1"
"C11orf48","Previous symbol","LBHD1","LBH domain containing 1","HGNC:28351","11q12.3"
"C11orf48","Previous symbol","C11orf98","chromosome 11 open reading frame 98","HGNC:51238","11q12.3"
"C11orf51","Previous symbol","ANAPC15","anaphase promoting complex subunit 15","HGNC:24531","11q13.4"
"C11orf57","Previous symbol","NKAPD1","NKAP domain containing 1","HGNC:25569","11q23.1"
"C11orf59","Previous symbol","LAMTOR1","late endosomal/lysosomal adaptor, MAPK and MTOR activator 1","HGNC:26068","11q13.4"
"C11orf61","Previous symbol","MSANTD2","Myb/SANT DNA binding domain containing 2","HGNC:26266","11q24.2"
"C11orf63","Previous symbol","JHY","junctional cadherin complex regulator","HGNC:26288","11q24.1"
"C11orf67","Previous symbol","AAMDC","adipogenesis associated Mth938 domain containing","HGNC:30205","11q14.1"
"C10orf75","Previous symbol","OLMALINC","oligodendrocyte maturation-associated long intergenic non-coding RNA","HGNC:28060","10q24.31"
"C10orf72","Previous symbol","VSTM4","V-set and transmembrane domain containing 4","HGNC:26470","10q11.23"
"C10orf58","Previous symbol","PRXL2A","peroxiredoxin like 2A","HGNC:28651","10q23.1"
"C10orf57","Previous symbol","TMEM254","transmembrane protein 254","HGNC:25804","10q22.3"
"C10orf107","Previous symbol","CABCOCO1","ciliary associated calcium binding coiled-coil 1","HGNC:28678","10q21.2"
"C10orf111","Previous symbol","RPP38-DT","RPP38 divergent transcript","HGNC:28582","10p13"
"C10orf114","Previous symbol","MIR1915HG","MIR1915 host gene","HGNC:31448","10p12.31"
"C10orf116","Previous symbol","ADIRF","adipogenesis regulatory factor","HGNC:24043","10q23.2"
"C10orf118","Previous symbol","CCDC186","coiled-coil domain containing 186","HGNC:24349","10q25.3"
"C10orf119","Previous symbol","MCMBP","minichromosome maintenance complex binding protein","HGNC:25782","10q26.11"
"C10orf125","Previous symbol","FUOM","fucose mutarotase","HGNC:24733","10q26.3"
"C10orf131","Previous symbol","CC2D2B","coiled-coil and C2 domain containing 2B","HGNC:31666","10q24.1"
"C10orf137","Previous symbol","EDRF1","erythroid differentiation regulatory factor 1","HGNC:24640","10q26.2"
"C10orf140","Previous symbol","SKIDA1","SKI/DACH domain containing 1","HGNC:32697","10p12.31"
"C10orf18","Previous symbol","TASOR2","transcription activation suppressor family member 2","HGNC:23484","10p15.1"
"C10orf2","Previous symbol","TWNK","twinkle mtDNA helicase","HGNC:1160","10q24.31"
"C10orf25","Previous symbol","ZNF22-AS1","ZNF22 antisense RNA 1","HGNC:23509","10q11.21"
"C10orf28","Previous symbol","R3HCC1L","R3H domain and coiled-coil containing 1 like","HGNC:23512","10q24.2"
"C10orf32","Previous symbol","BORCS7","BLOC-1 related complex subunit 7","HGNC:23516","10q24.32"
"C10orf35","Previous symbol","FAM241B","family with sequence similarity 241 member B","HGNC:23519","10q22.1"
"C10orf4","Previous symbol","FRA10AC1","FRA10A associated CGG repeat 1","HGNC:1162","10q23.33"
"C10orf41","Previous symbol","ZNF503-AS2","ZNF503 antisense RNA 2","HGNC:23525","10q22.2"
"C10orf46","Previous symbol","CACUL1","CDK2 associated cullin domain 1","HGNC:23727","10q26.11"
"C10orf47","Previous symbol","PROSER2","proline and serine rich 2","HGNC:23728","10p14"
"C10orf54","Previous symbol","VSIR","V-set immunoregulatory receptor","HGNC:30085","10q22.1"
"C11orf70","Previous symbol","CFAP300","cilia and flagella associated protein 300","HGNC:28188","11q22.1"
"C11orf75","Previous symbol","SMCO4","single-pass membrane protein with coiled-coil domains 4","HGNC:24810","11q21"
"C11orf82","Previous symbol","DDIAS","DNA damage induced apoptosis suppressor","HGNC:26351","11q14.1"
"C12orf62","Previous symbol","COX14","cytochrome c oxidase assembly factor COX14","HGNC:28216","12q13.12"
"C12orf69","Previous symbol","SMCO3","single-pass membrane protein with coiled-coil domains 3","HGNC:34401","12p12.3"
"C13orf1","Previous symbol","SPRYD7","SPRY domain containing 7","HGNC:14297","13q14.2"
"C13orf15","Previous symbol","RGCC","regulator of cell cycle","HGNC:20369","13q14.11"
"C13orf18","Previous symbol","RUBCNL","rubicon like autophagy enhancer","HGNC:20420","13q14.13"
"C13orf23","Previous symbol","PROSER1","proline and serine rich 1","HGNC:20291","13q13.3"
"C13orf27","Previous symbol","TEX30","testis expressed 30","HGNC:25188","13q33.1"
"C13orf31","Previous symbol","LACC1","laccase domain containing 1","HGNC:26789","13q14.11"
"C13orf33","Previous symbol","MEDAG","mesenteric estrogen dependent adipogenesis","HGNC:25926","13q12.3"
"C13orf34","Previous symbol","BORA","BORA aurora kinase A activator","HGNC:24724","13q21.33"
"C13orf35","Previous symbol","ATP11AUN","ATP11A upstream neighbor lncRNA","HGNC:33793","13q34"
"C13orf36","Previous symbol","SERTM1","serine rich and transmembrane domain containing 1","HGNC:33792","13q13.3"
"C13orf37","Previous symbol","MZT1","mitotic spindle organizing protein 1","HGNC:33830","13q21.33"
"C13orf38","Previous symbol","CCDC169","coiled-coil domain containing 169","HGNC:34361","13q13.3"
"C14orf1","Previous symbol","ERG28","ergosterol biosynthesis 28 homolog","HGNC:1187","14q24.3"
"C14orf101","Previous symbol","TMEM260","transmembrane protein 260","HGNC:20185","14q22.3"
"C14orf102","Previous symbol","NRDE2","NRDE-2, necessary for RNA interference, domain containing","HGNC:20186","14q32.11"
"C14orf104","Previous symbol","DNAAF2","dynein axonemal assembly factor 2","HGNC:20188","14q21.3"
"C14orf106","Previous symbol","MIS18BP1","MIS18 binding protein 1","HGNC:20190","14q21.2"
"C14orf109","Previous symbol","LYSET","lysosomal enzyme trafficking factor","HGNC:20218","14q32.12"
"C14orf115","Previous symbol","VRTN","vertebrae development associated","HGNC:20223","14q24.3"
"C14orf118","Previous symbol","GPATCH2L","G-patch domain containing 2 like","HGNC:20210","14q24.3"
"C12orf68","Previous symbol","CCDC184","coiled-coil domain containing 184","HGNC:33749","12q13.11"
"C12orf61","Previous symbol","LINC01465","long intergenic non-protein coding RNA 1465","HGNC:26364","12q14.1"
"C11orf83","Previous symbol","UQCC3","ubiquinol-cytochrome c reductase complex assembly factor 3","HGNC:34399","11q12.3"
"C12orf53","Previous symbol","PIANP","PILR alpha associated neural protein","HGNC:25338","12p13.31"
"C11orf84","Previous symbol","SPINDOC","spindlin interactor and repressor of chromatin binding","HGNC:25115","11q13.1"
"C11orf88","Previous symbol","HOATZ","HOATZ cilia and flagella associated protein","HGNC:25061","11q23.1"
"C11orf9","Previous symbol","MYRF","myelin regulatory factor","HGNC:1181","11q12.2"
"C11orf90","Previous symbol","VSTM5","V-set and transmembrane domain containing 5","HGNC:34443","11q21"
"C11orf92","Previous symbol","COLCA1","colorectal cancer associated 1","HGNC:33789","11q23.1"
"C11orf93","Previous symbol","POU2AF3","POU class 2 homeobox associating factor 3","HGNC:26978","11q23.1"
"C12orf11","Previous symbol","INTS13","integrator complex subunit 13","HGNC:20174","12p11.23"
"C12orf12","Previous symbol","CCER1","coiled-coil glutamate rich protein 1","HGNC:28373","12q21.33"
"C12orf23","Previous symbol","TMEM263","transmembrane protein 263","HGNC:28281","12q23.3"
"C12orf24","Previous symbol","FAM216A","family with sequence similarity 216 member A","HGNC:30180","12q24.11"
"C12orf26","Previous symbol","METTL25","methyltransferase like 25","HGNC:26228","12q21.31"
"C12orf32","Previous symbol","RHNO1","RAD9-HUS1-RAD1 interacting nuclear orphan 1","HGNC:28206","12p13.33"
"C12orf34","Previous symbol","FAM222A","family with sequence similarity 222 member A","HGNC:25915","12q24.11"
"C12orf35","Previous symbol","RESF1","retroelement silencing factor 1","HGNC:25559","12p11.21"
"C12orf39","Previous symbol","SPX","spexin hormone","HGNC:28139","12p12.1"
"C12orf41","Previous symbol","KANSL2","KAT8 regulatory NSL complex subunit 2","HGNC:26024","12q13.11"
"C12orf44","Previous symbol","ATG101","autophagy related 101","HGNC:25679","12q13.13"
"C12orf47","Previous symbol","MAPKAPK5-AS1","MAPKAPK5 antisense RNA 1","HGNC:24091","12q24.12"
"C12orf48","Previous symbol","PARPBP","PARP1 binding protein","HGNC:26074","12q23.2"
"C12orf5","Previous symbol","TIGAR","TP53 induced glycolysis regulatory phosphatase","HGNC:1185","12p13.32"
"C12orf52","Previous symbol","RITA1","RBPJ interacting and tubulin associated 1","HGNC:25925","12q24.13"
"C17orf63","Previous symbol","FAM222B","family with sequence similarity 222 member B","HGNC:25563","17q11.2"
"C17orf65","Previous symbol","ASB16-AS1","ASB16 antisense RNA 1","HGNC:25442","17q21.31"
"C17orf68","Previous symbol","CTC1","CST telomere replication complex component 1","HGNC:26169","17p13.1"
"C20orf199","Previous symbol","ZFAS1","ZNFX1 antisense RNA 1","HGNC:33101","20q13.13"
"C20orf117","Previous symbol","SOGA1","suppressor of glucose, autophagy associated 1","HGNC:16111","20q11.23"
"C20orf12","Previous symbol","DZANK1","double zinc ribbon and ankyrin repeat domains 1","HGNC:15858","20p11.23"
"C20orf132","Previous symbol","MROH8","maestro heat like repeat family member 8","HGNC:16125","20q11.23"
"C20orf134","Previous symbol","ACTL10","actin like 10","HGNC:16127","20q11.22"
"C20orf135","Previous symbol","ABHD16B","abhydrolase domain containing 16B","HGNC:16128","20q13.33"
"C20orf151","Previous symbol","RBBP8NL","RBBP8 N-terminal like","HGNC:16144","20q13.33"
"C20orf165","Previous symbol","SPATA25","spermatogenesis associated 25","HGNC:16158","20q13.12"
"C20orf166","Previous symbol","MIR1-1HG","MIR1-1 host gene","HGNC:16159","20q13.33"
"C20orf177","Previous symbol","FAM217B","family with sequence similarity 217 member B","HGNC:16170","20q13.33"
"C20orf195","Previous symbol","FNDC11","fibronectin type III domain containing 11","HGNC:28764","20q13.33"
"C20orf20","Previous symbol","MRGBP","MRG domain binding protein","HGNC:15866","20q13.33"
"C1orf55","Previous symbol","SDE2","SDE2 telomere maintenance homolog","HGNC:26643","1q42.12"
"C20orf200","Previous symbol","CRMA","cardiomyocyte maturation associated lncRNA","HGNC:26393","20q13.33"
"C20orf201","Previous symbol","LKAAEAR1","LKAAEAR motif containing 1","HGNC:33718","20q13.33"
"C20orf24","Previous symbol","RAB5IF","RAB5 interacting factor","HGNC:15870","20q11.23"
"C20orf26","Previous symbol","CFAP61","cilia and flagella associated protein 61","HGNC:15872","20p11.23"
"C20orf29","Previous symbol","AP5S1","adaptor related protein complex 5 subunit sigma 1","HGNC:15875","20p13"
"C20orf3","Previous symbol","APMAP","adipocyte plasma membrane associated protein","HGNC:13238","20p11.21"
"C20orf30","Previous symbol","TMEM230","transmembrane protein 230","HGNC:15876","20p13-p12.3"
"C20orf4","Previous symbol","AAR2","AAR2 splicing factor","HGNC:15886","20q11.23"
"C20orf43","Previous symbol","RTF2","replication termination factor 2","HGNC:15890","20q13.31"
"C20orf46","Previous symbol","TMEM74B","transmembrane protein 74B","HGNC:15893","20p13"
"C20orf112","Previous symbol","NOL4L","nucleolar protein 4 like","HGNC:16106","20q11.21"
"C20orf111","Previous symbol","OSER1","oxidative stress responsive serine rich 1","HGNC:16105","20q13.12"
"C20orf11","Previous symbol","GID8","GID complex subunit 8 homolog","HGNC:15857","20q13.33"
"C20orf108","Previous symbol","FAM210B","family with sequence similarity 210 member B","HGNC:16102","20q13.2"
"C1orf58","Previous symbol","BROX","BRO1 domain and CAAX motif containing","HGNC:26512","1q41"
"C1orf59","Previous symbol","HENMT1","HEN methyltransferase 1","HGNC:26400","1p13.3"
"C1orf63","Previous symbol","RSRP1","arginine and serine rich protein 1","HGNC:25234","1p36.11"
"C1orf65","Previous symbol","CCDC185","coiled-coil domain containing 185","HGNC:26654","1q41"
"C1orf66","Previous symbol","METTL25B","methyltransferase like 25B","HGNC:24273","1q23.1"
"C1orf69","Previous symbol","IBA57","iron-sulfur cluster assembly factor IBA57","HGNC:27302","1q42.13"
"C1orf70","Previous symbol","TMEM240","transmembrane protein 240","HGNC:25186","1p36.33"
"C1orf77","Previous symbol","CHTOP","chromatin target of PRMT1","HGNC:24511","1q21.3"
"C1orf83","Previous symbol","TCEANC2","transcription elongation factor A N-terminal and central domain containing 2","HGNC:26494","1p32.3"
"C1orf84","Previous symbol","SZT2","SZT2 subunit of KICSTOR complex","HGNC:29040","1p34.2"
"C1orf86","Previous symbol","FAAP20","FA core complex associated protein 20","HGNC:26428","1p36.33"
"C1orf88","Previous symbol","PIFO","primary cilia formation","HGNC:27009","1p13.2"
"C1orf89","Previous symbol","CPLANE2","ciliogenesis and planar polarity effector complex subunit 2","HGNC:28127","1p36.13"
"C1orf9","Previous symbol","SUCO","SUN domain containing ossification factor","HGNC:1240","1q24.3"
"C1orf91","Previous symbol","TMEM234","transmembrane protein 234","HGNC:28837","1p35.2"
"C1orf92","Previous symbol","LRRC71","leucine rich repeat containing 71","HGNC:26556","1q23.1"
"C1orf93","Previous symbol","PRXL2B","peroxiredoxin like 2B","HGNC:28390","1p36.32"
"C1orf95","Previous symbol","STUM","stum, mechanosensory transduction mediator homolog","HGNC:30491","1q42.12"
"C1orf96","Previous symbol","CCSAP","centriole, cilia and spindle associated protein","HGNC:29578","1q42.13"
"C1orf97","Previous symbol","LINC00467","long intergenic non-protein coding RNA 467","HGNC:28227","1q32.3"
"C20orf103","Previous symbol","LAMP5","lysosomal associated membrane protein family member 5","HGNC:16097","20p12.2"
"C20orf56","Previous symbol","LINC00261","long intergenic non-protein coding RNA 261","HGNC:16189","20p11.21"
"C20orf7","Previous symbol","NDUFAF5","NADH:ubiquinone oxidoreductase complex assembly factor 5","HGNC:15899","20p12.1"
"C20orf72","Previous symbol","MGME1","mitochondrial genome maintenance exonuclease 1","HGNC:16205","20p11.23"
"C22orf28","Previous symbol","RTCB","RNA 2',3'-cyclic phosphate and 5'-OH ligase","HGNC:26935","22q12.3"
"C22orf30","Previous symbol","PRR14L","proline rich 14 like","HGNC:28738","22q12.2"
"C22orf32","Previous symbol","SMDT1","single-pass membrane protein with aspartate rich tail 1","HGNC:25055","22q13.2"
"C22orf36","Previous symbol","LRRC75B","leucine rich repeat containing 75B","HGNC:33155","22q11.23"
"C22orf40","Previous symbol","CDPF1","cysteine rich DPF motif domain containing 1","HGNC:33710","22q13.31"
"C22orf41","Previous symbol","SYCE3","synaptonemal complex central element protein 3","HGNC:35245","22q13.33"
"C22orf45","Previous symbol","ADORA2A-AS1","ADORA2A antisense RNA 1","HGNC:37122","22q11.23"
"C22orf9","Previous symbol","KIAA0930","KIAA0930","HGNC:1314","22q13.31"
"C2orf18","Previous symbol","SLC35F6","solute carrier family 35 member F6","HGNC:26055","2p23.3"
"C2orf24","Previous symbol","CNPPD1","cyclin Pas1/PHO80 domain containing 1","HGNC:25220","2q35"
"C2orf27B","Previous symbol","CDRT15P3","CDRT15 pseudogene 3","HGNC:33824","2q21.2"
"C2orf28","Previous symbol","ATRAID","all-trans retinoic acid induced differentiation factor","HGNC:24090","2p23.3"
"C2orf29","Previous symbol","CNOT11","CCR4-NOT transcription complex subunit 11","HGNC:25217","2q11.2"
"C2orf3","Previous symbol","GCFC2","GC-rich sequence DNA-binding factor 2","HGNC:1317","2p12"
"C2orf34","Previous symbol","CAMKMT","calmodulin-lysine N-methyltransferase","HGNC:26276","2p21"
"C2orf39","Previous symbol","DRC1","dynein regulatory complex subunit 1","HGNC:24245","2p23.3"
"C2orf40","Previous symbol","ECRG4","ECRG4 augurin precursor","HGNC:24642","2q12.2"
"C2orf43","Previous symbol","LDAH","lipid droplet associated hydrolase","HGNC:26145","2p24.1"
"C2orf44","Previous symbol","WDCP","WD repeat and coiled coil containing","HGNC:26157","2p23.3"
"C2orf47","Previous symbol","MAIP1","matrix AAA peptidase interacting protein 1","HGNC:26198","2q33.1"
"C2orf52","Previous symbol","LINC00471","long intergenic non-protein coding RNA 471","HGNC:28668","2q37.1"
"C2orf53","Previous symbol","PRR30","proline rich 30","HGNC:28677","2p23.3"
"C22orf29","Previous symbol","RTL10","retrotransposon Gag like 10","HGNC:26112","22q11.21"
"C22orf27","Previous symbol","MORC2-AS1","MORC2 antisense RNA 1","HGNC:26662","22q12.2"
"C10orf104","Previous symbol","ANAPC16","anaphase promoting complex subunit 16","HGNC:26976","10q22.1"
"C22orf26","Previous symbol","PRR34","PRR34 long non-coding RNA","HGNC:25606","22q13.31"
"C20orf95","Previous symbol","ARHGAP40","Rho GTPase activating protein 40","HGNC:16226","20q11.23"
"C21orf119","Previous symbol","URB1-AS1","URB1 antisense RNA 1 (head to head)","HGNC:23128","21q22.11"
"C21orf122","Previous symbol","SSR4P1","signal sequence receptor subunit 4 pseudogene 1","HGNC:23131","21q22.3"
"C21orf128","Previous symbol","UMODL1-AS1","UMODL1 antisense RNA 1","HGNC:23821","21q22.3"
"C21orf2","Previous symbol","CFAP410","cilia and flagella associated protein 410","HGNC:1260","21q22.3"
"C21orf29","Previous symbol","TSPEAR","thrombospondin type laminin G domain and EAR repeats","HGNC:1268","21q22.3"
"C21orf33","Previous symbol","GATD3","glutamine amidotransferase class 1 domain containing 3","HGNC:1273","21q22.3"
"C21orf45","Previous symbol","MIS18A","MIS18 kinetochore protein A","HGNC:1286","21q22.11"
"C21orf49","Previous symbol","C21orf62-AS1","C21orf62 antisense RNA 1","HGNC:1290","21q22.11"
"C21orf56","Previous symbol","SPATC1L","spermatogenesis and centriole associated 1 like","HGNC:1298","21q22.3"
"C21orf57","Previous symbol","YBEY","ybeY metalloendoribonuclease","HGNC:1299","21q22.3"
"C21orf59","Previous symbol","CFAP298","cilia and flagella associated protein 298","HGNC:1301","21q22.11"
"C21orf63","Previous symbol","EVA1C","eva-1 homolog C","HGNC:13239","21q22.11"
"C21orf66","Previous symbol","PAXBP1","PAX3 and PAX7 binding protein 1","HGNC:13579","21q22.11"
"C21orf67","Previous symbol","LINC01547","long intergenic non-protein coding RNA 1547","HGNC:15707","21q22.3"
"C21orf70","Previous symbol","SLX9","SLX9 ribosome biogenesis factor","HGNC:15811","21q22.3"
"C21orf81","Previous symbol","ANKRD20A11P","ankyrin repeat domain 20 family member A11, pseudogene","HGNC:42024","21q11.2"
"C21orf99","Previous symbol","ANKRD30BP2","ankyrin repeat domain 30B pseudogene 2","HGNC:16620","21q11.2"
"C22orf13","Previous symbol","GUCD1","guanylyl cyclase domain containing 1","HGNC:14237","22q11.23"
"C22orf24","Previous symbol","YWHAH-AS1","YWHAH antisense RNA 1","HGNC:23051","22q12.3"
"C22orf25","Previous symbol","TANGO2","transport and golgi organization 2 homolog","HGNC:25439","22q11.21"
"C1orf57","Previous symbol","NTPCR","nucleoside-triphosphatase, cancer-related","HGNC:28204","1q42.2"
"C1orf51","Previous symbol","CIART","circadian associated repressor of transcription","HGNC:25200","1q21.2"
"C17orf70","Previous symbol","FAAP100","FA core complex associated protein 100","HGNC:26171","17q25.3"
"C19orf36","Previous symbol","IZUMO4","IZUMO family member 4","HGNC:26950","19p13.3"
"C19orf2","Previous symbol","URI1","URI1 prefoldin like chaperone","HGNC:13236","19q12"
"C19orf20","Previous symbol","TPGS1","tubulin polyglutamylase complex subunit 1","HGNC:25058","19p13.3"
"C19orf21","Previous symbol","MISP","mitotic spindle positioning","HGNC:27000","19p13.3"
"C19orf22","Previous symbol","R3HDM4","R3H domain containing 4","HGNC:28270","19p13.3"
"C19orf23","Previous symbol","CIRBP-AS1","CIRBP antisense RNA 1","HGNC:28588","19p13.3"
"C19orf26","Previous symbol","CBARP","CACN subunit beta associated regulatory protein","HGNC:28617","19p13.3"
"C19orf28","Previous symbol","MFSD12","major facilitator superfamily domain containing 12","HGNC:28299","19p13.3"
"C19orf29","Previous symbol","CACTIN","cactin, spliceosome C complex subunit","HGNC:29938","19p13.3"
"C19orf34","Previous symbol","CSNK1G2-AS1","CSNK1G2 antisense RNA 1","HGNC:28604","19p13.3"
"C19orf35","Previous symbol","PEAK3","PEAK family member 3","HGNC:24793","19p13.3"
"C19orf39","Previous symbol","SWSAP1","SWIM-type zinc finger 7 associated protein 1","HGNC:26638","19p13.2"
"C1orf38","Previous symbol","THEMIS2","thymocyte selection associated family member 2","HGNC:16839","1p35.3"
"C19orf40","Previous symbol","FAAP24","FA core complex associated protein 24","HGNC:28467","19q13.11"
"C19orf41","Previous symbol","IZUMO2","IZUMO family member 2","HGNC:28518","19q13.33"
"C19orf42","Previous symbol","SMIM7","small integral membrane protein 7","HGNC:28419","19p13.11"
"C19orf43","Previous symbol","TRIR","telomerase RNA component interacting RNase","HGNC:28424","19p13.13"
"C19orf45","Previous symbol","TEX45","testis expressed 45","HGNC:24745","19p13.2"
"C19orf46","Previous symbol","SYNE4","spectrin repeat containing nuclear envelope family member 4","HGNC:26703","19q13.12"
"C19orf50","Previous symbol","KXD1","KxDL motif containing 1","HGNC:28420","19p13.11"
"C19orf51","Previous symbol","DNAAF3","dynein axonemal assembly factor 3","HGNC:30492","19q13.42"
"C19orf52","Previous symbol","TIMM29","translocase of inner mitochondrial membrane 29","HGNC:25152","19p13.2"
"C19orf55","Previous symbol","PROSER3","proline and serine rich 3","HGNC:25204","19q13.12"
"C19orf10","Previous symbol","MYDGF","myeloid derived growth factor","HGNC:16948","19p13.3"
"C18orf8","Previous symbol","RMC1","regulator of MON1-CCZ1","HGNC:24326","18q11.2"
"C18orf56","Previous symbol","TYMSOS","TYMS opposite strand RNA","HGNC:29553","18p11.32"
"C18orf55","Previous symbol","TIMM21","translocase of inner mitochondrial membrane 21","HGNC:25010","18q22.3"
"C17orf71","Previous symbol","SMG8","SMG8 nonsense mediated mRNA decay factor","HGNC:25551","17q22"
"C17orf76","Previous symbol","LRRC75A","leucine rich repeat containing 75A","HGNC:32403","17p11.2"
"C17orf79","Previous symbol","COPRS","coordinator of PRMT5 and differentiation stimulator","HGNC:28848","17q11.2"
"C17orf81","Previous symbol","ELP5","elongator acetyltransferase complex subunit 5","HGNC:30617","17p13.1"
"C17orf82","Previous symbol","LINC02875","long intergenic non-protein coding RNA 2875","HGNC:32699","17q23.2"
"C17orf85","Previous symbol","NCBP3","nuclear cap binding subunit 3","HGNC:24612","17p13.2"
"C17orf86","Previous symbol","SNHG20","small nucleolar RNA host gene 20","HGNC:33099","17q25.2"
"C17orf89","Previous symbol","NDUFAF8","NADH:ubiquinone oxidoreductase complex assembly factor 8","HGNC:33551","17q25.3"
"C17orf90","Previous symbol","OXLD1","oxidoreductase like domain containing 1","HGNC:27901","17q25.3"
"C17orf91","Previous symbol","MIR22HG","MIR22 host gene","HGNC:28219","17p13.3"
"C17orf93","Previous symbol","PRAC2","PRAC2 small nuclear protein","HGNC:30143","17q21.32"
"C17orf95","Previous symbol","METTL23","methyltransferase like 23","HGNC:26988","17q25.2"
"C17orf96","Previous symbol","EPOP","elongin BC and polycomb repressive complex 2 associated protein","HGNC:34493","17q12"
"C18orf1","Previous symbol","LDLRAD4","low density lipoprotein receptor class A domain containing 4","HGNC:1224","18p11.21"
"C18orf10","Previous symbol","TPGS2","tubulin polyglutamylase complex subunit 2","HGNC:24561","18q12.2"
"C18orf16","Previous symbol","AQP4-AS1","AQP4 antisense RNA 1","HGNC:26399","18q11.2"
"C18orf18","Previous symbol","LINC00526","long intergenic non-protein coding RNA 526","HGNC:28278","18p11.31"
"C18orf19","Previous symbol","FAM210A","family with sequence similarity 210 member A","HGNC:28346","18p11.21"
"C18orf22","Previous symbol","RBFA","ribosome binding factor A","HGNC:26120","18q23"
"C18orf34","Previous symbol","CCDC178","coiled-coil domain containing 178","HGNC:29588","18q12.1"
"C18orf45","Previous symbol","TMEM241","transmembrane protein 241","HGNC:31723","18q11.2"
"C19orf56","Previous symbol","WDR83OS","WD repeat domain 83 opposite strand","HGNC:30203","19p13.13"
"C19orf59","Previous symbol","MCEMP1","mast cell expressed membrane protein 1","HGNC:27291","19p13.2"
"C19orf6","Previous symbol","TMEM259","transmembrane protein 259","HGNC:17039","19p13.3"
"C1orf156","Previous symbol","METTL18","methyltransferase like 18","HGNC:28793","1q24.2"
"C1orf170","Previous symbol","PERM1","PPARGC1 and ESRR induced regulator, muscle 1","HGNC:28208","1p36.33"
"C1orf172","Previous symbol","KDF1","keratinocyte differentiation factor 1","HGNC:26624","1p36.11"
"C1orf177","Previous symbol","LEXM","lymphocyte expansion molecule","HGNC:26854","1p32.3"
"C1orf182","Previous symbol","TSACC","TSSK6 activating cochaperone","HGNC:30636","1q22"
"C1orf183","Previous symbol","INKA2","inka box actin regulator 2","HGNC:28045","1p13.2"
"C1orf187","Previous symbol","DRAXIN","dorsal inhibitory axon guidance protein","HGNC:25054","1p36.22"
"C1orf190","Previous symbol","LURAP1","leucine rich adaptor protein 1","HGNC:32327","1p34.1"
"C1orf200","Previous symbol","PIK3CD-AS1","PIK3CD antisense RNA 1","HGNC:32346","1p36.22"
"C1orf203","Previous symbol","ATP1A1-AS1","ATP1A1 antisense RNA 1","HGNC:28262","1p13.1"
"C1orf204","Previous symbol","SNHG28","small nucleolar RNA host gene 28","HGNC:27647","1q23.2"
"C1orf212","Previous symbol","SMIM12","small integral membrane protein 12","HGNC:25154","1p34.3"
"C1orf213","Previous symbol","ZNF436-AS1","ZNF436 antisense RNA 1","HGNC:25122","1p36.12"
"C1orf220","Approved symbol","C1orf220","chromosome 1 putative open reading frame 220","HGNC:33805","1q25.2"
"C1orf223","Previous symbol","TEX38","testis expressed 38","HGNC:29589","1p33"
"C1orf228","Previous symbol","ARMH1","armadillo like helical domain containing 1","HGNC:34345","1p34.1"
"C1orf229","Previous symbol","LINC02897","long intergenic non-protein coding RNA 2897","HGNC:33759","1q44"
"C1orf230","Previous symbol","RIIAD1","regulatory subunit of type II PKA R-subunit domain containing 1","HGNC:26686","1q21.3"
"C1orf25","Previous symbol","TRMT1L","tRNA methyltransferase 1 like","HGNC:16782","1q25.3"
"C1orf26","Previous symbol","SWT1","SWT1 RNA endoribonuclease homolog","HGNC:16785","1q25.3"
"C1orf27","Previous symbol","ODR4","odr-4 GPCR localization factor homolog","HGNC:24299","1q31.1"
"C1orf31","Previous symbol","COA6","cytochrome c oxidase assembly factor 6","HGNC:18025","1q42.2"
"C1orf163","Previous symbol","COA7","cytochrome c oxidase assembly factor 7","HGNC:25716","1p32.3"
"C1orf151","Previous symbol","MICOS10","mitochondrial contact site and cristae organizing system subunit 10","HGNC:32068","1p36.13"
"C19orf60","Previous symbol","REX1BD","required for excision 1-B domain containing","HGNC:26098","19p13.11"
"C1orf144","Previous symbol","SZRD1","SUZ RNA binding domain containing 1","HGNC:30232","1p36.13"
"C19orf61","Previous symbol","SMG9","SMG9 nonsense mediated mRNA decay factor","HGNC:25763","19q13.31"
"C19orf63","Previous symbol","EMC10","ER membrane protein complex subunit 10","HGNC:27609","19q13.33"
"C19orf69","Previous symbol","ERICH4","glutamate rich 4","HGNC:34497","19q13.2"
"C19orf70","Previous symbol","MICOS13","mitochondrial contact site and cristae organizing system subunit 13","HGNC:33702","19p13.3"
"C19orf76","Previous symbol","ADM5","adrenomedullin 5 (putative)","HGNC:27293","19q13.33"
"C19orf77","Previous symbol","SMIM24","small integral membrane protein 24","HGNC:37244","19p13.3"
"C1orf101","Previous symbol","CATSPERE","catsper channel auxiliary subunit epsilon","HGNC:28491","1q44"
"C1orf103","Previous symbol","LRIF1","ligand dependent nuclear receptor interacting factor 1","HGNC:30299","1p13.3"
"C1orf104","Previous symbol","RUSC1-AS1","RUSC1 antisense RNA 1","HGNC:26680","1q22"
"C1orf106","Previous symbol","INAVA","innate immunity activator","HGNC:25599","1q32.1"
"C1orf107","Previous symbol","UTP25","UTP25 small subunit processome component","HGNC:28440","1q32.2"
"C1orf113","Previous symbol","SH3D21","SH3 domain containing 21","HGNC:26236","1p34.3"
"C1orf114","Previous symbol","CCDC181","coiled-coil domain containing 181","HGNC:28051","1q24.2"
"C1orf123","Previous symbol","CZIB","CXXC motif containing zinc binding protein","HGNC:26059","1p32.3"
"C1orf124","Previous symbol","SPRTN","SprT-like N-terminal domain","HGNC:25356","1q42.2"
"C1orf125","Previous symbol","AXDND1","axonemal dynein light chain domain containing 1","HGNC:26564","1q25.2"
"C1orf126","Previous symbol","TMEM51-AS1","TMEM51 antisense RNA 1","HGNC:26301","1p36.21"
"C1orf128","Previous symbol","PITHD1","PITH domain containing 1","HGNC:25022","1p36.11"
"C1orf133","Previous symbol","SERTAD4-AS1","SERTAD4 antisense RNA 1","HGNC:32019","1q32.2"
"C1orf135","Previous symbol","AUNIP","aurora kinase A and ninein interacting protein","HGNC:28363","1p36.11"
"C1orf14","Previous symbol","SHCBP1L","SHC binding and spindle associated 1 like","HGNC:16788","1q25.3"
"CXorf66","Approved symbol","CXorf66","chromosome X open reading frame 66","HGNC:33743","Xq27.1"
